,chestcircumference,waistcircumference,crotchheight,stature,weightkg
0,92.2,85.0,75.9,156.0,65.7
1,83.9,70.8,83.5,166.5,53.4
2,87.4,72.7,82.1,171.1,66.3
3,100.8,92.3,80.4,166.0,78.2
4,108.9,116.3,72.6,157.2,88.6
5,103.1,96.8,86.4,170.7,83.7
6,98.8,96.4,77.8,164.4,73.2
7,96.8,91.4,80.3,167.1,76.0
8,83.1,75.5,75.3,152.1,54.5
9,101.0,94.4,75.0,159.0,68.4
10,106.5,93.5,81.0,170.7,99.0
11,103.4,94.2,82.2,166.8,74.2
12,106.3,99.5,78.1,165.4,78.1
13,93.7,84.8,80.1,166.6,71.8
14,98.9,92.9,77.2,159.9,70.9
15,94.0,83.5,78.6,167.3,67.2
16,83.5,77.2,76.5,164.7,62.0
17,89.7,80.5,83.3,167.8,59.5
18,97.9,86.8,83.5,167.9,74.1
19,85.3,79.2,73.3,161.5,60.5
20,109.0,113.7,66.4,151.7,80.0
21,94.1,88.1,83.9,167.4,74.7
22,85.7,70.2,77.0,162.3,49.1
23,97.3,95.4,80.0,166.8,70.3
24,97.5,79.6,83.1,164.4,71.5
25,102.6,100.0,77.4,157.9,70.8
26,83.2,74.2,61.0,144.6,48.8
27,92.1,91.2,77.4,162.0,69.1
28,103.2,91.3,82.2,168.4,73.0
29,90.4,82.1,80.2,161.9,61.0
30,95.1,93.0,75.5,159.2,65.8
31,95.0,90.1,78.9,165.5,70.9
32,96.5,93.5,83.9,172.3,72.8
33,111.5,107.7,80.9,167.7,84.6
34,117.0,111.2,76.4,165.4,94.5
35,89.5,81.2,80.1,163.4,62.7
36,94.4,86.9,88.2,168.3,57.8
37,83.3,71.2,76.2,155.2,52.4
38,102.5,105.7,79.2,161.7,73.2
39,98.2,96.4,73.1,158.8,79.1
40,106.0,113.4,74.4,164.1,89.4
41,99.1,86.9,81.2,168.5,68.9
42,99.4,94.2,77.5,165.6,75.8
43,107.1,101.9,74.6,160.3,73.1
44,94.5,86.5,74.3,160.8,74.8
45,109.4,97.5,79.5,166.4,80.6
46,93.2,81.4,80.7,161.9,71.4
47,101.3,94.7,80.8,162.0,71.2
48,91.0,79.4,86.9,172.0,65.7
49,79.3,67.9,77.4,158.2,47.7
50,95.4,89.0,82.3,172.0,69.6
51,116.1,133.4,80.4,172.0,119.6
52,113.5,107.6,83.7,170.1,88.7
53,109.5,100.7,73.7,162.7,75.4
54,101.4,89.7,69.4,153.6,67.8
55,94.6,83.2,72.3,154.6,60.7
56,81.4,76.6,80.3,165.4,57.2
57,94.0,87.8,77.4,160.5,68.9
58,98.8,94.3,79.4,163.0,71.2
59,90.4,82.5,76.6,161.2,60.4
60,87.6,81.2,93.4,175.7,69.7
61,109.0,106.2,82.5,167.0,85.4
62,94.3,91.4,77.0,163.2,61.7
63,113.2,98.7,76.7,163.5,79.0
64,97.7,86.8,77.4,168.2,67.2
65,97.7,83.9,77.7,166.1,69.5
66,100.6,81.4,75.4,159.6,66.9
67,93.6,80.4,75.8,159.6,57.4
68,106.5,92.5,77.5,166.5,81.5
69,89.0,80.5,77.6,161.7,61.8
70,90.0,81.1,77.1,155.5,64.5
71,86.2,75.7,72.9,157.8,55.7
72,89.6,83.9,71.8,158.1,61.4
73,94.3,82.1,76.2,169.8,66.8
74,109.2,100.1,70.5,155.4,73.0
75,92.0,86.0,83.5,175.6,73.7
76,107.1,92.2,71.4,156.6,69.3
77,100.1,101.2,81.6,165.1,75.7
78,112.6,98.1,72.3,158.5,74.0
79,98.2,87.0,80.8,165.7,68.2
80,106.9,93.1,80.8,171.9,86.7
81,106.1,89.5,88.8,182.2,88.2
82,103.1,92.5,78.5,164.9,78.6
83,92.4,75.1,77.3,168.7,62.2
84,99.9,101.9,82.8,169.8,78.2
85,86.5,78.4,73.3,153.0,60.8
86,99.8,91.7,71.2,158.1,67.4
87,93.0,86.5,77.3,160.9,68.6
88,93.4,84.7,79.8,164.4,67.0
89,85.6,78.5,76.0,154.8,63.5
90,97.9,100.4,73.2,160.6,77.3
91,85.2,75.9,76.3,164.2,55.5
92,101.4,95.5,71.4,162.2,72.7
93,84.1,69.4,79.4,166.9,59.3
94,105.7,106.8,84.5,174.5,99.8
95,98.6,94.8,68.3,149.5,58.1
96,95.1,91.2,69.1,149.3,64.2
97,106.8,98.9,79.0,164.1,75.8
98,94.5,88.7,72.1,160.7,68.3
99,82.6,69.8,72.9,156.0,47.1
100,97.8,82.2,76.4,162.5,66.5
101,97.8,88.5,76.6,167.0,68.5
102,87.0,76.4,75.0,161.6,57.9
103,108.0,94.3,72.5,158.2,64.7
104,92.1,80.9,84.7,173.0,59.1
105,84.6,73.9,70.9,150.1,45.0
106,95.9,82.6,67.4,151.5,57.2
107,102.2,96.2,73.8,157.6,72.1
108,87.8,84.9,79.0,162.8,67.6
109,102.9,95.1,71.6,158.6,71.1
110,93.6,88.9,82.9,173.7,79.1
111,83.4,79.0,73.4,157.6,53.6
112,93.1,81.1,79.0,162.6,63.9
113,98.1,83.1,78.2,160.4,62.8
114,103.7,95.8,78.4,167.3,78.8
115,98.1,76.1,77.4,164.2,59.8
116,105.2,107.0,72.4,153.8,75.2
117,102.8,92.3,73.3,157.4,68.6
118,94.6,94.9,77.8,163.7,66.8
119,93.0,85.8,75.3,162.0,61.3
120,93.7,85.9,82.4,173.3,74.2
121,81.0,72.1,71.4,152.6,52.2
122,99.1,90.8,82.0,173.2,76.7
123,98.5,88.0,75.5,162.4,66.1
124,84.4,75.9,69.4,150.7,50.5
125,96.5,91.9,73.2,156.0,63.7
126,98.5,90.8,80.6,164.0,66.6
127,86.2,73.1,80.6,167.5,61.0
128,86.3,82.0,69.6,152.6,58.1
129,87.0,82.1,77.0,162.3,60.9
130,81.5,74.0,73.8,158.4,57.5
131,105.7,102.4,76.8,167.1,79.7
132,113.7,93.2,69.9,155.2,74.5
133,87.4,82.7,73.8,163.3,61.4
134,100.4,89.6,71.5,153.0,67.7
135,84.4,73.8,75.4,160.6,50.8
136,95.0,83.2,76.3,161.7,63.3
137,101.3,85.1,74.8,164.5,71.1
138,96.0,85.9,80.8,168.1,72.7
139,99.2,90.6,78.2,165.5,67.9
140,106.9,102.8,76.3,162.6,83.3
141,83.8,78.6,80.0,163.5,62.2
142,96.2,85.3,73.7,157.2,61.6
143,89.9,74.5,74.2,160.8,57.3
144,82.8,73.7,79.5,166.2,50.7
145,94.0,80.2,74.5,158.2,61.1
146,115.6,104.5,85.2,170.1,86.6
147,88.6,76.3,74.2,160.2,52.3
148,99.1,95.5,70.5,154.9,67.6
149,89.9,71.9,75.5,156.1,54.9
150,88.9,74.6,82.5,167.7,57.1
151,90.7,87.4,75.4,159.4,64.4
152,94.0,77.2,75.6,162.8,64.9
153,94.9,80.2,72.5,154.9,59.2
154,86.6,71.9,70.7,155.9,56.3
155,90.7,86.2,73.4,161.9,58.0
156,98.3,104.4,80.0,169.0,81.0
157,89.5,81.7,80.5,169.8,64.9
158,89.2,81.7,79.8,170.5,65.4
159,87.5,81.6,79.5,162.5,57.0
160,101.2,93.9,77.1,166.6,80.5
161,102.6,86.3,73.2,155.9,67.1
162,97.7,91.5,74.5,159.5,67.3
163,81.2,76.4,79.9,163.4,55.0
164,91.3,89.9,81.4,164.3,70.8
165,94.3,78.2,78.2,166.7,53.8
166,103.2,89.7,78.3,166.1,77.1
167,87.8,81.7,77.6,156.0,60.2
168,97.1,90.0,74.6,161.0,71.9
169,90.6,83.0,76.6,161.0,61.7
170,102.4,94.7,78.1,168.2,76.1
171,102.8,95.8,75.4,160.4,73.9
172,88.1,76.7,72.1,154.0,56.0
173,91.9,77.7,79.5,163.8,64.7
174,91.8,89.6,74.0,165.6,72.4
175,111.8,96.8,77.1,159.7,70.8
176,113.0,99.7,88.0,174.9,95.3
177,100.2,87.9,77.5,166.1,74.8
178,103.9,100.0,74.9,152.6,70.0
179,93.4,93.1,73.3,158.3,65.5
180,84.4,74.8,72.2,153.3,49.9
181,82.1,73.4,77.3,157.5,55.3
182,107.2,102.1,82.5,177.6,92.4
183,108.4,87.4,80.6,171.3,71.6
184,91.8,80.3,74.8,165.3,67.6
185,103.2,93.5,70.9,151.6,64.1
186,97.1,81.0,82.0,165.8,66.6
187,102.2,88.2,74.9,161.7,66.3
188,98.7,92.0,82.9,168.7,76.3
189,103.6,108.5,77.9,160.3,71.7
190,99.0,92.3,69.2,153.9,64.3
191,96.5,84.0,75.6,160.3,59.1
192,81.7,78.3,75.8,162.0,52.9
193,99.3,92.4,76.5,161.7,69.4
194,103.1,97.2,73.8,160.0,69.9
195,87.7,77.4,76.9,157.2,59.2
196,81.8,70.8,77.4,163.2,54.0
197,94.5,87.9,78.0,169.0,70.1
198,91.6,83.0,77.6,168.2,68.1
199,105.0,98.0,78.0,165.7,86.4
200,88.1,88.3,80.8,167.2,67.2
201,91.2,75.4,74.5,162.1,55.9
202,85.4,76.7,73.6,162.3,56.6
203,88.7,86.8,76.7,163.3,58.5
204,100.5,93.8,72.7,152.6,62.8
205,82.5,68.2,75.3,157.0,46.7
206,87.4,76.2,77.6,161.6,59.9
207,97.2,80.2,80.5,169.0,64.2
208,102.6,106.0,74.8,163.7,81.3
209,97.9,92.2,83.3,171.8,71.9
210,87.3,78.3,73.2,158.8,54.8
211,84.4,70.7,70.0,152.0,48.5
212,92.1,79.5,78.5,161.8,65.8
213,100.0,86.2,76.0,163.1,75.3
214,93.8,92.9,80.7,164.2,63.6
215,95.2,85.8,85.9,171.9,75.2
216,93.1,78.4,85.3,171.5,75.5
217,81.4,63.2,84.0,165.3,46.9
218,91.3,80.9,75.1,159.0,53.7
219,95.0,91.2,85.0,175.1,75.8
220,95.0,94.1,78.0,158.3,67.9
221,91.5,85.4,78.5,162.7,68.4
222,92.3,88.5,76.8,158.6,67.7
223,90.9,78.3,76.3,167.5,61.7
224,98.6,92.7,71.6,160.6,71.7
225,87.0,78.5,83.1,168.0,64.2
226,94.2,85.8,87.1,177.3,74.0
227,110.5,95.8,83.6,168.0,79.2
228,83.8,70.7,78.7,164.5,58.1
229,108.6,100.4,70.4,155.8,72.7
230,98.5,90.5,78.5,166.5,70.4
231,96.0,98.9,78.9,160.1,65.3
232,96.4,90.6,77.5,165.8,72.5
233,101.5,85.4,74.4,162.3,72.1
234,86.2,73.8,77.8,166.1,56.1
235,86.1,78.4,73.7,156.3,58.3
236,92.7,87.1,76.1,163.0,67.7
237,90.6,81.1,69.4,152.8,57.6
238,84.7,72.8,77.2,165.3,55.9
239,84.1,76.3,74.1,151.2,46.8
240,85.5,79.3,76.2,162.9,56.7
241,107.2,100.1,79.5,167.5,82.0
242,98.8,92.2,64.2,149.8,66.4
243,98.4,82.9,73.1,153.8,62.6
244,93.8,85.0,71.6,156.7,65.3
245,86.6,73.1,74.8,159.0,53.9
246,106.3,99.6,73.4,157.3,75.0
247,94.9,87.1,75.0,159.5,70.4
248,98.2,103.6,76.6,161.0,67.5
249,93.5,83.5,74.7,156.5,64.0
250,84.5,66.5,69.2,152.3,47.0
251,83.6,67.1,75.5,157.0,50.2
252,94.9,76.9,73.2,155.6,59.7
253,95.4,85.0,73.4,159.9,64.6
254,94.0,93.6,78.5,161.1,72.6
255,91.5,75.8,75.4,168.1,63.1
256,92.5,88.8,76.9,158.5,63.1
257,103.2,94.1,77.6,161.4,66.0
258,98.8,81.2,82.8,167.4,78.9
259,83.8,70.4,84.3,165.3,53.1
260,99.2,102.7,74.6,159.3,70.8
261,96.9,88.5,78.2,159.2,62.5
262,95.7,87.2,74.7,161.7,68.0
263,109.3,104.1,75.8,158.9,73.4
264,99.7,85.9,77.0,159.7,68.8
265,109.0,102.2,77.2,169.8,84.0
266,92.3,79.0,73.4,161.9,64.7
267,84.4,71.1,78.3,166.3,56.1
268,101.1,94.1,75.7,160.6,73.5
269,99.7,107.6,75.7,160.9,73.3
270,94.3,79.7,81.5,169.6,60.5
271,93.4,90.4,81.5,172.3,72.2
272,103.1,97.9,83.0,174.8,90.8
273,98.5,88.8,79.6,169.5,76.0
274,93.5,76.9,75.7,164.8,60.6
275,87.2,80.7,71.4,157.9,57.3
276,99.6,83.9,76.1,158.7,60.2
277,99.4,97.5,75.7,160.4,66.9
278,113.1,112.7,77.4,160.3,82.9
279,96.6,93.0,81.0,171.2,76.5
280,90.8,90.7,77.2,162.8,67.1
281,98.5,91.9,68.8,152.0,58.9
282,89.6,83.9,79.5,164.0,61.5
283,86.4,69.7,77.4,161.6,52.9
284,109.5,108.8,82.5,168.4,84.7
285,89.0,80.5,78.5,164.9,59.6
286,96.5,84.4,80.6,167.7,66.6
287,95.8,91.5,78.3,165.3,67.6
288,92.6,86.2,79.0,163.8,65.8
289,87.8,83.5,77.3,164.6,59.6
290,95.1,100.0,75.6,161.9,73.5
291,85.8,78.9,73.4,153.0,55.6
292,87.0,77.7,78.3,160.3,56.1
293,87.5,79.6,85.0,168.0,56.0
294,113.9,101.7,73.4,160.2,87.1
295,106.4,107.4,63.9,144.7,73.6
296,92.3,68.8,79.3,162.7,61.3
297,86.1,71.3,75.9,159.4,50.5
298,105.7,103.5,78.7,168.8,82.3
299,89.6,82.7,70.9,154.7,56.1
300,99.1,95.0,75.1,162.1,75.4
301,90.4,80.5,76.8,162.5,59.3
302,98.1,89.6,77.6,159.7,69.5
303,104.6,90.5,76.8,160.2,82.0
304,95.2,83.3,80.3,161.4,58.3
305,106.7,105.5,78.3,174.3,92.0
306,110.5,107.1,72.1,160.3,84.1
307,119.6,111.1,70.6,157.6,84.2
308,99.9,87.1,75.8,161.9,66.0
309,105.2,96.9,83.5,175.4,89.6
310,101.4,94.2,83.3,170.9,84.2
311,104.8,96.4,90.4,178.9,84.5
312,89.6,88.7,72.6,158.7,59.6
313,94.3,83.8,79.5,168.7,68.8
314,89.9,82.6,80.4,166.5,69.0
315,99.6,95.0,75.5,157.3,74.8
316,91.1,81.9,74.5,165.4,69.9
317,100.5,92.0,72.4,158.2,69.1
318,87.3,74.4,72.4,157.5,56.6
319,97.6,88.0,75.6,160.0,69.9
320,83.4,74.0,75.0,158.4,46.8
321,98.6,82.9,68.4,153.5,70.1
322,106.2,102.9,72.5,159.3,83.2
323,100.4,97.3,72.3,158.3,78.9
324,89.6,84.5,72.2,160.8,59.2
325,86.1,82.8,79.8,166.3,58.3
326,95.1,102.0,73.9,160.9,74.6
327,77.2,67.5,74.0,151.3,42.8
328,103.4,100.7,81.3,170.4,85.3
329,89.9,85.8,81.2,170.8,66.4
330,95.5,80.4,71.0,150.6,57.7
331,86.7,81.1,73.3,158.3,56.5
332,97.1,86.4,79.9,173.1,71.4
333,96.6,87.1,85.2,166.9,76.2
334,80.0,82.4,78.7,164.0,55.6
335,81.2,72.4,76.7,161.3,56.1
336,94.6,84.9,78.7,164.0,64.1
337,100.8,91.8,73.0,158.1,76.6
338,97.1,82.9,83.5,166.4,70.2
339,91.8,79.9,71.3,156.2,56.1
340,98.7,101.7,84.6,172.2,81.2
341,96.9,90.0,69.8,156.4,72.5
342,97.9,91.7,75.9,158.9,68.6
343,101.7,97.0,85.0,178.9,92.4
344,105.8,88.4,74.8,160.8,66.2
345,88.7,79.6,76.4,159.5,56.2
346,85.9,78.5,76.1,159.0,56.4
347,98.0,87.0,68.5,157.5,65.3
348,103.7,90.5,73.7,153.9,67.9
349,98.4,95.8,78.1,165.4,77.7
350,95.9,85.5,76.6,161.6,63.2
351,98.8,86.9,82.2,164.6,69.7
352,90.0,87.5,75.8,154.8,68.1
353,82.7,72.2,75.3,161.7,57.0
354,108.9,103.4,69.4,152.7,74.2
355,89.5,75.7,79.5,165.3,58.9
356,102.4,99.5,76.7,160.6,75.0
357,94.8,81.2,84.5,170.0,74.4
358,113.1,95.4,79.5,167.2,81.5
359,98.8,92.8,84.7,172.8,76.5
360,109.8,104.9,83.2,167.7,82.7
361,103.3,95.8,85.5,179.0,79.3
362,96.0,91.2,75.6,164.3,73.5
363,95.5,82.2,76.8,158.4,62.0
364,102.3,93.5,75.2,158.3,65.9
365,100.0,95.7,78.5,164.0,70.5
366,86.6,70.7,74.6,156.2,49.3
367,88.1,77.1,80.5,165.0,64.3
368,95.0,80.6,77.0,165.6,65.4
369,102.0,100.2,75.2,162.4,65.5
370,115.9,104.4,72.1,163.1,85.6
371,86.6,81.5,85.0,171.5,63.2
372,90.8,75.2,75.9,160.7,64.8
373,88.3,83.1,74.4,160.0,60.4
374,99.3,88.0,71.6,157.1,70.2
375,92.0,81.7,75.7,160.3,65.9
376,112.2,93.8,75.3,159.9,77.1
377,82.9,79.7,75.9,160.2,52.4
378,92.5,77.3,82.5,164.2,68.5
379,109.6,110.3,79.5,171.5,101.7
380,86.2,67.9,75.1,163.4,48.7
381,105.9,105.5,78.4,165.7,82.4
382,108.6,85.6,75.6,162.6,72.4
383,96.8,86.8,73.9,153.6,61.7
384,90.8,81.8,79.7,169.8,69.6
385,95.6,84.6,75.9,165.2,75.3
386,104.3,103.2,75.0,161.1,78.5
387,100.3,91.1,84.9,176.4,81.2
388,82.5,65.0,73.7,158.6,48.5
389,89.9,80.4,75.7,159.2,59.5
390,95.8,88.0,87.7,178.2,74.0
391,102.8,97.0,83.8,170.8,79.9
392,95.7,84.1,78.0,165.0,64.5
393,100.7,94.9,77.0,161.2,72.5
394,84.2,76.6,78.7,166.0,60.0
395,88.4,81.1,75.9,162.9,63.0
396,99.2,97.8,73.5,163.0,76.2
397,91.3,73.8,82.6,174.3,69.6
398,115.2,100.1,78.7,168.8,81.8
399,83.6,70.5,75.5,158.0,50.8
400,95.7,90.1,76.3,161.0,66.5
401,75.7,62.0,72.8,155.6,40.0
402,98.5,100.0,75.3,158.5,73.6
403,103.6,95.2,79.0,168.5,77.0
404,94.3,82.3,71.5,159.2,63.0
405,96.0,91.9,79.7,169.8,76.1
406,87.5,88.6,78.2,164.8,69.0
407,87.9,79.1,73.8,157.5,57.3
408,93.5,79.4,76.7,160.2,61.7
409,88.6,82.2,81.3,166.9,66.3
410,101.8,99.6,72.6,163.7,85.0
411,92.9,79.8,83.3,169.0,60.1
412,93.5,79.5,77.8,166.4,65.5
413,93.2,94.0,83.0,171.0,71.6
414,90.6,71.6,78.5,159.6,61.1
415,115.0,116.4,78.4,165.6,100.0
416,99.1,87.0,74.9,158.6,79.1
417,100.0,88.6,77.4,165.3,67.6
418,104.5,83.1,72.8,166.1,74.0
419,86.2,74.9,71.3,149.5,50.1
420,90.0,81.1,77.6,163.3,58.7
421,97.6,85.0,78.0,165.2,69.6
422,89.9,77.9,76.2,159.6,59.9
423,100.3,100.9,81.8,171.5,80.9
424,99.5,93.9,82.8,172.4,78.8
425,95.5,90.7,85.5,174.1,79.7
426,91.0,85.1,79.5,170.7,74.6
427,94.5,91.7,76.8,168.4,74.0
428,89.2,78.0,75.7,158.6,56.9
429,106.6,104.6,73.8,161.1,82.9
430,104.0,93.9,78.3,165.8,77.0
431,98.0,90.9,78.7,167.3,75.1
432,110.0,107.6,84.0,177.0,88.9
433,87.2,79.9,72.3,157.4,66.1
434,105.9,100.9,82.1,171.5,84.2
435,85.2,86.5,68.7,152.5,55.8
436,114.2,115.4,77.6,165.0,98.3
437,87.0,81.4,71.9,153.7,53.5
438,88.0,80.1,75.7,156.8,58.1
439,89.2,83.0,72.0,156.9,68.4
440,95.7,80.7,80.6,171.1,72.5
441,107.0,107.3,76.0,163.9,75.7
442,96.2,94.6,77.3,163.8,73.3
443,93.0,84.5,81.8,175.6,70.4
444,89.5,74.8,78.7,161.8,59.0
445,105.0,100.3,84.3,174.5,83.5
446,92.5,81.4,69.1,156.9,63.5
447,89.5,78.2,81.8,166.8,54.6
448,89.5,78.0,74.6,161.9,61.0
449,110.1,101.6,76.6,165.7,82.0
450,91.0,84.7,76.6,162.8,68.5
451,90.3,80.3,83.2,166.0,57.4
452,87.8,73.3,78.2,168.3,61.6
453,84.6,86.6,82.3,167.2,67.8
454,83.6,74.5,77.5,162.3,55.8
455,87.0,70.5,79.5,167.2,58.8
456,86.9,78.4,77.5,161.9,59.1
457,79.4,71.2,70.7,155.8,51.1
458,84.5,74.2,77.3,164.9,59.1
459,88.0,80.5,83.6,173.0,67.1
460,84.3,73.0,69.3,152.7,52.2
461,83.8,76.1,79.2,167.0,56.5
462,107.7,100.0,73.4,158.3,77.4
463,96.3,88.5,77.6,164.3,73.0
464,101.2,80.0,83.7,171.7,66.9
465,100.0,94.5,79.8,162.3,71.8
466,86.0,81.0,74.7,163.0,59.4
467,92.5,80.8,80.2,171.0,68.0
468,100.2,96.1,81.5,173.0,77.9
469,96.0,77.2,81.4,172.5,69.5
470,95.7,92.8,81.3,168.0,75.5
471,92.2,88.9,82.6,168.2,64.5
472,115.7,105.0,78.6,168.0,84.3
473,91.5,77.7,91.7,182.9,68.8
474,88.5,86.6,81.5,167.5,64.3
475,104.0,84.2,82.5,172.7,68.9
476,100.3,84.2,76.5,161.5,65.1
477,83.7,69.0,69.2,149.7,46.0
478,87.1,75.0,73.8,161.3,61.0
479,111.5,95.0,83.7,177.1,92.5
480,92.4,82.9,73.5,158.8,66.6
481,99.7,99.5,87.7,173.6,82.1
482,87.0,76.7,79.5,166.4,59.1
483,102.5,89.8,74.5,158.4,72.2
484,100.6,94.0,87.0,171.2,77.0
485,87.6,78.7,79.0,165.8,61.7
486,93.3,81.2,82.5,164.6,68.5
487,96.6,82.0,81.7,172.3,68.9
488,90.0,81.3,75.7,157.8,58.7
489,104.0,84.5,82.4,167.1,74.2
490,104.5,101.1,77.2,158.0,82.0
491,92.5,75.8,74.8,158.4,55.7
492,97.5,81.4,79.0,167.0,64.8
493,91.0,77.0,77.7,158.5,56.6
494,95.2,80.9,77.4,163.8,58.4
495,90.7,81.7,76.7,158.9,59.9
496,108.9,93.8,77.8,165.9,78.5
497,94.3,84.5,75.7,155.0,65.4
498,104.7,99.5,85.6,173.0,83.8
499,102.7,90.7,69.3,150.0,64.4
500,103.8,98.3,80.0,161.5,80.9
501,90.6,80.1,76.6,164.5,67.7
502,109.5,102.9,86.8,172.7,84.7
503,103.2,105.2,83.7,166.7,78.1
504,98.1,84.8,69.5,151.9,55.2
505,111.3,95.5,81.5,170.0,83.2
506,86.0,80.7,78.3,162.8,69.4
507,106.8,85.5,73.9,160.0,78.6
508,102.5,96.9,86.0,174.7,85.1
509,92.5,90.0,74.2,158.3,67.8
510,92.7,80.0,78.7,166.2,64.5
511,87.3,72.0,84.2,169.7,61.8
512,94.8,94.2,83.0,173.2,84.3
513,98.2,101.5,78.7,164.7,79.3
514,102.9,101.9,79.0,158.9,72.7
515,96.5,82.9,74.2,154.5,64.5
516,102.8,93.7,83.6,165.9,75.5
517,89.1,88.5,70.5,152.2,55.5
518,99.7,81.6,81.3,165.1,77.9
519,101.6,92.2,86.2,176.7,76.3
520,100.8,96.5,76.8,160.8,78.5
521,99.7,93.1,78.9,160.5,71.7
522,90.2,89.5,82.8,173.4,67.4
523,97.2,82.9,75.5,166.1,73.0
524,96.0,98.0,76.8,158.9,75.4
525,91.2,80.0,82.7,174.1,77.6
526,107.9,101.2,79.9,167.0,81.0
527,86.5,80.1,81.0,168.0,66.7
528,95.7,91.5,79.0,173.6,79.1
529,99.0,93.7,84.5,168.2,76.3
530,93.6,81.1,79.8,171.4,65.0
531,85.6,69.1,69.5,154.6,51.3
532,91.7,81.3,80.2,163.4,59.1
533,93.0,89.0,74.2,156.8,65.8
534,87.6,78.2,73.5,153.6,50.4
535,96.2,92.7,76.7,158.4,68.5
536,88.2,87.4,81.0,164.6,62.9
537,89.1,76.5,77.5,166.4,56.8
538,90.2,80.0,79.5,165.8,66.1
539,91.0,73.4,84.0,173.8,68.3
540,92.3,77.5,86.7,174.5,79.1
541,107.2,106.1,76.2,159.5,90.7
542,98.7,92.6,78.1,162.5,78.3
543,96.7,86.5,76.0,162.3,70.9
544,84.1,75.2,69.5,151.8,50.9
545,100.8,87.7,70.6,152.5,62.3
546,91.9,90.0,75.0,155.7,66.4
547,109.3,105.4,86.3,173.0,92.1
548,98.3,90.3,74.2,160.1,67.1
549,83.9,72.8,78.8,159.7,54.7
550,102.7,94.7,81.2,174.3,78.4
551,92.5,75.4,79.3,168.3,59.0
552,101.5,92.1,86.5,175.2,76.3
553,96.7,85.1,74.3,161.8,70.9
554,101.8,85.1,76.9,162.0,70.3
555,86.2,79.0,79.9,164.9,58.1
556,84.6,76.4,83.5,170.9,59.3
557,104.4,99.2,72.2,158.7,75.3
558,91.7,81.6,77.0,163.2,66.2
559,105.7,96.5,69.8,152.7,68.3
560,103.4,97.5,77.3,166.0,75.8
561,86.4,73.4,79.5,163.2,61.3
562,94.2,82.0,82.8,174.2,73.0
563,88.5,84.8,81.0,170.9,70.0
564,104.8,92.5,74.0,161.9,75.1
565,99.6,92.7,79.2,167.5,73.8
566,98.8,83.7,77.8,163.4,64.2
567,89.2,80.2,80.8,167.9,59.5
568,84.8,84.6,76.4,161.4,56.9
569,86.1,77.8,82.7,168.4,59.6
570,93.7,85.3,77.9,159.7,63.1
571,85.5,73.0,77.7,161.0,58.9
572,94.3,88.6,84.9,168.8,74.6
573,99.7,92.9,86.5,172.5,86.4
574,93.6,90.0,79.5,160.9,60.8
575,81.0,75.9,74.8,158.5,50.4
576,88.7,81.6,76.1,156.2,54.9
577,89.7,77.0,70.5,154.7,53.0
578,96.1,89.5,75.8,161.1,69.2
579,100.4,88.0,87.0,174.0,71.3
580,97.2,90.4,71.8,155.5,70.5
581,97.1,93.8,81.3,165.0,69.9
582,91.3,90.6,70.8,158.3,65.9
583,85.8,75.0,77.2,164.7,63.2
584,94.6,84.5,76.9,153.2,69.6
585,92.0,81.1,79.7,161.9,59.3
586,90.2,88.8,80.9,170.4,69.5
587,97.0,77.4,83.4,168.9,79.7
588,91.1,84.6,80.2,165.7,61.9
589,92.6,86.1,84.0,164.7,67.7
590,89.2,72.4,84.2,167.0,54.4
591,97.1,92.8,75.0,149.6,64.6
592,111.7,102.6,82.4,171.7,88.2
593,94.3,91.5,71.9,153.1,63.4
594,98.1,98.7,83.1,166.6,76.5
595,89.2,91.5,74.3,157.4,65.4
596,100.0,88.8,80.3,166.3,83.7
597,97.5,86.3,78.0,161.7,65.2
598,100.5,85.7,77.6,158.5,62.4
599,119.5,103.7,81.2,164.7,99.4
600,101.6,95.0,80.4,164.3,74.8
601,90.1,87.7,83.5,167.7,64.9
602,88.9,66.5,82.6,167.0,54.2
603,98.3,88.5,76.0,165.1,81.4
604,88.3,81.2,70.0,152.5,56.3
605,115.2,109.6,78.7,171.5,96.7
606,114.8,100.6,75.3,160.2,83.7
607,85.5,68.5,76.2,157.0,50.2
608,90.1,94.4,80.8,166.2,65.7
609,98.3,97.3,73.6,156.1,70.7
610,96.8,97.5,74.2,154.3,66.9
611,92.3,85.3,76.6,156.2,59.7
612,89.7,88.5,76.0,162.7,72.0
613,94.0,81.6,78.3,167.8,75.0
614,99.0,98.2,78.7,160.8,67.3
615,90.6,85.6,82.6,167.2,78.4
616,76.9,71.0,78.1,166.1,51.6
617,101.0,89.0,73.7,157.4,63.0
618,104.6,99.0,80.8,167.0,79.3
619,89.5,79.3,71.4,158.5,56.4
620,99.7,96.2,69.8,157.4,68.7
621,84.6,72.7,80.3,161.7,59.0
622,90.4,77.0,78.8,159.2,60.3
623,99.1,93.0,80.3,170.5,69.9
624,87.8,84.9,79.6,162.0,57.3
625,95.7,88.2,79.0,157.9,65.4
626,87.6,74.9,81.2,166.1,60.3
627,95.5,93.5,77.8,159.5,77.1
628,106.2,90.3,76.2,164.6,76.7
629,93.2,89.0,72.5,152.2,66.7
630,92.8,90.0,87.5,176.0,78.3
631,85.0,75.2,72.1,150.5,51.8
632,83.8,80.3,86.1,170.8,66.3
633,93.8,86.1,83.9,165.9,65.5
634,100.4,90.6,79.7,161.3,69.0
635,90.5,87.0,81.6,166.6,68.0
636,91.8,86.0,76.7,156.5,60.9
637,85.9,78.5,79.5,157.8,64.6
638,88.0,77.0,73.3,148.0,54.0
639,82.9,75.6,79.9,163.6,53.0
640,94.5,90.1,80.3,160.8,78.9
641,82.5,65.8,78.7,155.2,43.1
642,98.5,87.3,75.1,155.9,74.6
643,99.8,103.3,76.7,159.5,71.2
644,101.6,86.3,79.9,167.4,72.7
645,84.5,76.1,80.2,166.1,61.3
646,87.8,79.2,80.0,155.0,57.4
647,90.2,83.2,76.8,159.7,65.5
648,88.4,75.3,72.9,154.3,57.7
649,83.7,76.0,82.3,163.6,58.5
650,92.3,91.3,72.2,156.3,62.7
651,90.5,77.9,71.8,150.6,53.5
652,85.1,80.3,83.2,168.9,65.2
653,99.2,87.8,75.6,160.0,70.2
654,102.1,108.0,91.8,182.7,93.1
655,82.4,74.2,82.9,159.4,53.2
656,97.4,81.7,89.8,176.8,73.5
657,78.3,75.9,81.8,165.8,55.7
658,94.5,86.5,76.9,162.9,65.5
659,97.5,85.5,80.6,167.2,69.1
660,101.3,96.7,91.0,178.3,96.5
661,97.0,99.2,76.5,157.1,70.2
662,83.8,73.6,75.3,152.5,52.3
663,92.3,87.6,81.2,159.5,66.0
664,100.9,94.7,85.5,170.8,81.4
665,102.9,100.0,89.1,181.8,95.2
666,83.2,80.2,84.4,168.8,65.8
667,78.2,69.5,76.0,156.8,50.3
668,88.5,80.7,74.4,155.5,54.7
669,98.8,91.8,76.3,164.5,68.8
670,83.3,75.0,83.8,163.1,60.4
671,91.9,88.1,74.3,156.3,66.9
672,92.6,80.6,76.4,156.6,59.9
673,87.0,87.5,81.3,158.5,61.6
674,87.2,79.8,73.2,151.8,54.8
675,83.8,71.6,80.5,159.0,60.4
676,84.5,82.9,69.5,146.2,51.9
677,93.0,94.3,74.2,159.9,64.0
678,84.5,83.4,82.0,166.5,66.9
679,100.7,95.8,82.8,171.2,79.1
680,90.8,79.6,82.8,163.4,59.8
681,97.5,86.5,79.8,162.8,73.6
682,108.0,105.2,81.1,162.5,82.5
683,99.6,88.1,80.9,171.8,75.6
684,77.3,76.7,78.3,160.4,59.5
685,99.6,97.8,84.1,174.8,86.3
686,93.5,93.6,79.0,165.0,68.6
687,96.5,97.0,78.7,167.9,76.3
688,99.5,90.4,80.2,163.5,72.5
689,86.2,78.3,82.3,167.3,63.9
690,85.6,77.2,80.2,164.3,55.9
691,96.4,96.0,83.9,169.1,76.4
692,96.9,87.1,82.8,167.2,69.9
693,83.9,82.5,79.2,163.8,63.0
694,80.3,73.4,81.8,167.6,60.6
695,91.8,85.2,81.1,165.5,68.0
696,91.4,81.3,79.8,167.5,65.4
697,82.0,76.5,72.9,150.8,53.8
698,100.6,95.5,77.8,167.9,73.1
699,97.0,88.2,80.6,169.2,76.6
700,88.2,80.0,78.3,163.1,57.7
701,90.9,82.7,72.3,153.3,59.8
702,99.6,88.7,76.3,156.3,68.6
703,90.8,83.0,77.5,165.5,70.8
704,78.6,69.7,66.5,149.6,48.8
705,93.5,85.7,87.5,177.7,76.6
706,89.7,78.8,75.0,154.6,58.3
707,90.6,93.6,82.5,168.5,68.5
708,85.0,76.8,76.3,160.8,58.5
709,92.9,83.3,81.5,163.2,71.9
710,89.2,80.2,85.4,169.0,64.9
711,79.8,74.2,81.7,165.5,58.3
712,93.3,85.0,77.0,157.4,64.8
713,84.1,75.8,80.9,165.9,56.4
714,81.2,70.6,70.8,154.1,47.8
715,84.3,77.5,85.3,167.5,59.1
716,93.6,91.2,77.9,165.2,66.5
717,94.5,88.6,76.3,159.3,64.9
718,78.4,75.5,73.5,156.5,51.2
719,80.4,76.5,71.6,153.0,49.6
720,93.2,89.7,76.4,160.0,74.4
721,92.7,86.8,79.8,161.5,68.0
722,78.3,79.0,77.5,155.7,50.6
723,84.6,78.5,80.2,167.9,59.1
724,90.9,86.4,80.2,166.2,71.2
725,112.1,96.7,81.1,169.6,84.4
726,89.2,76.0,83.5,165.7,54.7
727,81.4,72.6,68.4,149.5,48.7
728,93.9,84.2,79.2,164.4,61.2
729,93.3,86.5,79.3,165.2,72.2
730,89.4,88.8,77.8,156.6,56.7
731,95.7,81.9,81.6,165.3,68.8
732,78.7,73.9,74.7,160.4,54.2
733,85.3,80.5,76.3,159.4,61.1
734,98.9,88.0,76.1,162.7,67.2
735,92.7,81.0,85.5,172.9,74.9
736,88.3,80.3,77.3,160.2,58.5
737,93.0,78.7,78.3,161.5,60.5
738,86.2,78.7,76.5,164.5,60.1
739,87.7,82.1,75.9,162.3,62.1
740,83.0,72.3,78.5,159.5,60.9
741,79.8,62.8,68.5,148.0,47.0
742,95.5,95.1,83.1,169.6,78.6
743,95.8,85.7,85.3,168.0,72.5
744,78.7,72.6,77.5,159.0,51.6
745,80.2,70.0,70.7,152.9,50.1
746,91.7,86.0,76.5,155.1,62.6
747,94.2,83.2,86.7,170.9,78.7
748,94.7,81.8,73.7,158.9,57.2
749,90.2,81.3,82.1,161.6,67.0
750,82.5,70.5,77.5,164.3,53.5
751,84.4,76.8,79.4,158.7,63.8
752,88.8,77.9,82.3,169.1,75.2
753,82.4,69.9,75.3,155.8,51.9
754,84.3,76.8,80.6,161.1,60.2
755,91.5,89.8,86.7,172.4,70.1
756,95.8,90.0,76.7,162.3,78.2
757,88.0,79.1,80.5,168.6,61.1
758,101.1,89.5,74.0,158.7,63.1
759,80.3,71.0,71.2,154.6,54.0
760,91.4,82.7,85.6,168.2,61.9
761,84.8,81.2,71.7,151.9,57.7
762,86.7,80.8,82.8,163.1,67.3
763,90.9,78.9,75.3,152.5,60.8
764,111.0,109.2,78.9,165.7,90.5
765,97.5,81.5,81.6,165.3,68.2
766,101.8,93.7,67.8,144.7,68.3
767,106.8,104.0,80.8,161.5,77.8
768,95.8,85.4,85.5,173.2,64.8
769,121.2,107.6,84.6,173.3,108.2
770,100.4,103.1,85.7,176.0,87.5
771,105.2,93.0,80.3,166.9,78.8
772,107.3,97.6,80.6,160.2,84.4
773,91.0,91.6,75.7,161.1,66.7
774,105.7,92.7,82.6,160.7,74.9
775,104.3,103.2,74.3,158.2,82.7
776,90.2,92.5,79.8,163.6,69.5
777,90.9,88.9,82.9,170.2,69.7
778,78.3,70.8,77.5,159.1,52.8
779,103.6,92.5,81.9,172.4,78.5
780,96.5,83.3,82.0,165.7,66.9
781,83.0,82.7,74.5,159.1,55.6
782,107.7,104.2,76.4,163.0,84.0
783,94.5,96.1,82.7,173.0,83.1
784,94.3,86.6,83.7,169.5,73.5
785,94.8,91.1,78.8,159.8,76.3
786,95.3,87.5,75.2,160.6,63.7
787,97.5,90.6,81.4,164.4,70.0
788,92.3,83.5,73.7,157.5,62.6
789,88.1,78.7,79.0,164.2,60.7
790,98.6,94.3,81.4,161.5,70.5
791,98.8,91.3,75.6,157.0,68.9
792,89.6,77.8,78.9,160.7,63.3
793,82.3,72.2,82.3,162.6,56.4
794,93.5,84.3,83.8,172.9,72.9
795,93.2,78.2,74.5,150.1,61.8
796,88.3,79.1,81.9,165.7,61.8
797,81.3,76.1,82.9,161.4,54.6
798,95.4,85.3,82.9,166.0,68.6
799,88.4,72.5,82.1,167.5,64.1
800,86.5,77.9,84.0,163.8,63.5
801,86.9,83.4,81.8,158.4,63.4
802,92.7,80.0,81.1,168.0,68.4
803,89.6,83.5,82.2,166.7,68.0
804,94.6,82.5,85.9,175.8,75.1
805,95.0,96.2,84.8,168.8,85.1
806,89.5,82.3,77.5,163.6,58.2
807,91.0,84.6,76.9,160.7,70.9
808,87.6,95.9,77.8,159.4,66.4
809,96.2,90.7,79.4,169.4,75.7
810,91.0,80.7,79.4,160.6,63.2
811,86.3,85.3,83.8,168.7,67.4
812,89.6,75.3,79.9,157.4,60.2
813,89.8,83.9,78.3,160.3,61.6
814,92.1,76.2,78.1,155.9,58.4
815,91.4,86.1,78.7,165.9,71.7
816,92.0,84.5,77.4,161.4,60.6
817,86.9,81.8,79.0,163.0,64.8
818,86.0,76.0,65.3,143.5,47.8
819,95.1,88.5,82.3,167.2,75.1
820,93.6,87.2,88.0,170.8,73.9
821,101.7,88.7,77.8,167.6,68.6
822,84.4,78.8,76.8,160.9,62.0
823,100.0,93.7,75.3,159.0,74.0
824,83.2,79.8,80.9,162.9,59.8
825,88.8,82.6,78.1,159.8,64.5
826,89.5,76.1,80.4,156.0,56.3
827,91.9,82.2,83.7,168.8,68.6
828,90.6,80.3,87.0,174.5,69.6
829,86.5,79.1,85.1,167.3,63.1
830,95.0,84.6,80.6,166.2,72.9
831,90.6,76.2,73.0,157.6,54.8
832,90.8,86.0,85.3,172.0,65.0
833,90.6,86.7,83.2,170.1,70.0
834,81.5,79.3,78.0,162.0,58.0
835,95.2,92.8,79.6,167.0,73.8
836,77.5,67.2,78.7,163.0,47.8
837,81.5,78.5,79.7,163.6,58.3
838,95.6,91.6,83.5,171.4,84.9
839,92.7,85.4,85.3,170.2,73.2
840,85.5,77.8,78.0,159.0,60.9
841,90.0,77.1,79.5,164.3,65.4
842,94.6,89.7,86.8,176.9,83.2
843,88.2,82.2,74.5,154.9,59.1
844,97.3,93.5,69.8,153.3,69.5
845,84.8,82.8,76.8,159.2,60.9
846,90.3,84.1,77.8,160.9,65.0
847,81.5,75.4,73.9,156.9,55.0
848,88.3,86.5,75.5,158.6,65.9
849,90.2,82.7,75.7,157.4,70.1
850,93.0,88.7,74.7,161.7,68.9
851,86.6,83.6,79.2,158.9,60.7
852,93.1,91.7,86.4,167.9,73.6
853,82.6,73.9,83.2,170.0,56.4
854,84.7,77.9,75.4,162.3,56.6
855,85.7,77.5,82.1,167.7,68.1
856,92.0,86.0,76.9,159.8,66.0
857,78.4,70.0,80.7,162.5,53.6
858,84.0,81.2,86.1,168.5,64.7
859,102.5,90.8,78.7,168.5,77.6
860,79.4,73.3,82.3,162.3,56.3
861,94.5,90.4,82.8,167.4,67.5
862,89.0,81.4,80.1,165.3,60.4
863,95.7,87.2,74.1,158.7,54.2
864,100.8,98.0,76.5,159.5,66.4
865,99.8,104.6,72.3,156.3,74.4
866,90.9,84.1,79.6,167.4,62.1
867,98.2,82.4,61.7,143.9,58.5
868,101.8,95.5,82.2,171.8,81.0
869,79.6,71.7,71.0,158.9,51.1
870,111.2,96.4,78.3,164.5,71.7
871,91.3,75.8,81.3,167.7,60.7
872,88.4,82.9,72.3,155.2,59.1
873,107.3,99.9,73.0,152.3,63.6
874,101.2,94.1,77.8,161.2,71.5
875,91.7,77.6,82.1,164.2,57.4
876,97.9,82.2,85.1,173.2,71.6
877,87.7,75.2,76.9,160.0,54.0
878,82.4,71.6,64.0,140.9,42.6
879,88.9,75.9,78.9,162.0,58.5
880,96.0,89.8,89.9,174.6,82.8
881,98.3,85.2,91.1,168.8,74.0
882,97.6,92.0,74.2,160.6,76.5
883,102.9,104.7,79.5,165.8,85.2
884,91.5,90.4,75.1,159.0,67.1
885,92.2,87.5,85.0,178.1,76.0
886,99.2,85.0,80.7,169.0,69.5
887,101.5,98.7,83.0,165.4,75.4
888,94.5,87.0,73.5,158.3,66.3
889,84.3,74.3,75.0,152.3,48.0
890,109.6,91.0,82.2,168.5,83.0
891,97.4,96.4,87.7,167.2,75.6
892,103.2,93.4,81.0,164.1,78.4
893,88.2,78.0,78.8,164.4,59.4
894,101.3,95.1,79.7,159.7,76.6
895,89.9,79.5,87.7,173.2,67.8
896,84.7,81.5,72.0,152.9,51.7
897,95.3,84.8,77.1,162.0,66.2
898,99.3,79.7,78.6,164.3,66.5
899,89.7,92.7,74.2,155.6,61.3
900,101.5,98.6,80.6,163.0,72.9
901,92.4,88.4,74.3,161.4,70.1
902,73.7,67.3,66.7,146.4,42.6
903,96.2,81.0,85.4,174.9,72.9
904,99.8,93.3,76.8,161.8,76.1
905,93.7,99.5,81.5,163.1,71.9
906,100.4,96.6,81.7,170.4,79.4
907,92.4,87.4,78.9,166.9,70.5
908,102.3,101.3,76.8,158.6,72.7
909,88.7,73.5,79.1,160.2,60.9
910,95.0,107.2,76.2,162.0,80.0
911,91.7,83.4,79.0,157.5,62.5
912,105.2,106.5,71.0,151.3,76.8
913,86.8,81.8,78.0,157.3,57.8
914,86.1,82.8,82.4,164.9,63.9
915,98.0,94.5,78.7,165.7,74.9
916,94.5,90.0,75.6,153.8,65.0
917,85.7,83.1,86.3,168.4,63.3
918,88.5,82.2,75.0,155.0,52.6
919,99.4,102.1,78.2,163.0,76.6
920,120.2,115.7,91.2,169.3,93.4
921,98.2,86.1,76.3,155.7,66.7
922,88.2,76.5,75.3,162.7,62.2
923,120.8,108.5,82.7,166.6,94.2
924,93.0,88.0,77.4,159.9,64.1
925,98.5,101.2,76.0,154.7,69.2
926,92.2,83.1,78.3,163.6,64.6
927,88.9,79.7,75.0,154.7,52.5
928,79.2,76.2,80.7,162.9,49.0
929,99.7,92.2,74.7,156.0,74.9
930,105.1,103.5,87.2,175.1,85.2
931,90.8,101.2,77.5,162.5,77.2
932,96.4,86.4,76.4,157.3,64.3
933,98.0,96.2,79.0,159.9,72.2
934,97.2,91.4,71.2,154.7,69.3
935,92.1,86.2,82.1,173.5,73.7
936,100.3,95.7,80.1,167.0,72.5
937,103.5,89.7,78.5,167.8,81.6
938,86.3,81.2,76.2,160.4,57.0
939,93.9,86.5,79.1,163.1,66.0
940,98.0,105.4,86.0,168.4,80.4
941,103.0,97.3,81.7,171.5,85.2
942,103.5,94.7,80.0,163.5,66.2
943,93.3,90.2,82.2,166.6,70.6
944,86.0,78.2,86.8,170.5,57.7
945,87.3,75.5,83.5,162.9,52.6
946,97.6,99.0,83.3,171.8,80.8
947,100.3,97.2,77.7,162.6,83.4
948,95.1,92.2,79.3,161.6,75.0
949,92.4,89.5,73.3,160.2,61.9
950,96.6,88.5,80.7,166.7,67.5
951,102.2,91.0,80.0,164.5,70.2
952,94.7,82.7,81.8,167.0,65.9
953,94.1,84.0,78.3,162.1,71.2
954,106.6,103.2,84.2,172.1,102.8
955,109.1,90.3,76.2,160.6,75.9
956,95.3,87.5,73.2,156.7,65.9
957,90.4,79.0,82.6,172.0,64.4
958,90.0,87.5,75.3,163.9,68.9
959,101.3,98.3,85.3,173.0,86.3
960,114.7,113.9,82.4,168.2,94.9
961,87.4,79.2,82.5,172.0,63.0
962,121.4,113.3,88.0,178.3,106.9
963,89.3,88.1,78.7,164.1,63.9
964,90.2,90.7,71.8,156.8,68.3
965,94.0,85.0,84.9,164.0,63.0
966,98.9,94.5,74.9,155.6,71.8
967,103.3,106.9,83.0,164.7,87.4
968,99.5,92.0,77.3,163.0,75.2
969,115.4,109.5,77.4,158.7,85.2
970,117.2,103.9,75.5,162.7,82.7
971,87.0,76.5,80.9,163.8,55.9
972,111.0,104.2,82.9,164.4,82.1
973,98.2,88.0,74.0,160.3,66.3
974,89.7,81.1,83.8,171.3,63.8
975,96.6,98.7,86.7,172.1,79.9
976,83.8,79.3,72.1,157.3,58.9
977,99.6,91.8,77.3,161.9,76.1
978,100.6,104.0,71.2,152.4,67.2
979,88.2,80.3,74.8,160.5,54.1
980,103.5,83.8,77.1,161.7,69.7
981,89.5,87.8,80.8,160.1,61.6
982,105.3,104.0,88.9,170.3,85.2
983,88.2,78.5,75.6,157.4,58.2
984,103.6,94.3,78.7,159.6,74.2
985,87.6,80.0,78.3,160.2,60.9
986,96.4,91.6,77.5,159.9,69.0
987,93.5,96.1,76.0,163.2,67.5
988,109.8,106.5,76.3,166.0,88.6
989,92.4,84.7,75.9,156.8,65.2
990,103.2,102.0,79.6,163.9,82.6
991,92.3,79.0,78.3,159.1,55.6
992,93.4,88.7,79.0,162.8,71.9
993,107.7,97.5,77.5,161.5,82.2
994,109.8,110.0,84.5,168.0,96.5
995,90.7,89.6,82.5,159.0,62.4
996,72.6,66.0,77.9,156.3,43.5
997,109.0,102.1,78.0,164.1,75.3
998,83.6,79.0,83.4,171.0,55.3
999,90.1,81.6,75.0,156.6,57.8
1000,102.3,96.6,78.4,157.3,71.3
1001,98.0,96.6,83.3,166.9,77.6
1002,97.6,80.9,74.5,160.7,65.5
1003,92.2,78.7,81.6,163.3,57.8
1004,112.6,90.7,84.3,169.9,84.3
1005,89.2,87.7,78.3,163.8,67.0
1006,100.0,87.8,82.4,163.4,76.4
1007,86.4,73.4,83.0,166.0,66.3
1008,88.0,86.1,80.3,160.4,67.1
1009,98.0,88.5,80.3,169.3,70.6
1010,93.6,82.0,77.3,159.5,63.6
1011,88.2,79.6,83.5,169.4,64.6
1012,93.4,83.5,77.0,162.6,65.8
1013,102.1,92.2,75.9,161.3,78.9
1014,88.7,76.9,78.7,161.4,58.5
1015,90.0,81.2,79.5,163.0,58.9
1016,103.5,97.3,83.9,171.6,78.5
1017,101.3,95.2,72.5,151.0,67.6
1018,110.0,111.3,78.7,163.9,86.2
1019,98.1,90.7,74.7,157.6,60.5
1020,109.5,106.8,84.4,167.7,95.0
1021,98.5,84.3,84.1,166.9,64.9
1022,88.4,75.5,80.3,159.2,61.6
1023,103.0,91.0,76.3,160.6,71.5
1024,101.2,94.3,77.1,159.7,76.5
1025,89.0,81.9,77.9,161.0,65.2
1026,87.8,90.5,91.3,181.1,77.3
1027,102.8,101.8,78.8,163.9,73.4
1028,82.5,75.7,78.3,163.5,54.9
1029,104.1,89.3,83.5,175.1,80.2
1030,102.3,84.9,78.0,162.6,69.5
1031,94.9,76.8,79.6,168.8,64.7
1032,91.4,85.0,74.5,158.8,65.7
1033,111.1,109.0,76.1,163.5,87.1
1034,85.5,83.5,82.6,162.4,58.0
1035,101.5,94.6,78.7,163.4,79.6
1036,92.9,85.2,88.4,174.9,76.1
1037,92.5,74.1,79.3,164.6,57.6
1038,112.9,106.0,78.0,160.0,87.0
1039,100.8,101.7,82.3,160.0,76.6
1040,84.5,78.2,73.6,151.7,54.8
1041,103.9,103.0,81.0,165.9,82.6
1042,90.2,85.3,80.6,171.8,65.1
1043,94.8,88.1,73.8,153.3,57.0
1044,105.1,94.8,74.1,159.2,71.9
1045,100.3,84.6,79.7,163.6,72.6
1046,88.2,87.5,81.3,164.8,71.6
1047,105.6,98.2,80.1,166.9,83.2
1048,96.5,79.1,81.8,165.5,60.4
1049,93.2,84.4,88.0,177.0,76.4
1050,105.1,102.8,88.0,175.2,93.4
1051,85.0,76.8,85.0,174.1,57.3
1052,83.0,77.5,77.2,160.8,58.2
1053,88.9,71.8,77.0,163.6,55.3
1054,100.5,87.1,73.1,155.5,69.8
1055,92.5,84.0,75.2,157.3,64.0
1056,84.4,71.9,74.5,162.3,59.0
1057,90.0,81.1,77.0,153.4,60.4
1058,95.4,92.0,71.8,154.3,66.6
1059,92.5,81.2,85.4,174.4,67.0
1060,90.2,81.4,77.6,162.3,63.3
1061,94.7,81.8,72.3,158.7,61.8
1062,94.4,84.4,74.8,156.3,64.5
1063,89.9,78.7,82.0,165.5,58.2
1064,103.3,94.8,79.9,161.2,79.6
1065,90.0,83.4,76.6,163.6,60.9
1066,99.6,97.2,84.1,170.9,82.3
1067,90.6,76.3,76.9,154.7,56.7
1068,89.6,71.0,79.9,165.7,51.0
1069,87.6,80.5,85.0,169.5,60.1
1070,95.5,84.3,90.7,172.0,71.6
1071,91.2,86.6,74.5,158.7,68.1
1072,116.0,98.1,82.0,167.6,94.0
1073,84.4,84.0,83.9,172.6,68.6
1074,94.8,86.6,75.0,161.6,67.1
1075,92.8,74.5,87.3,174.7,68.9
1076,104.2,93.0,84.4,170.5,78.6
1077,90.6,82.4,83.5,168.5,70.4
1078,77.6,66.9,77.7,159.4,50.4
1079,87.2,76.9,81.2,168.7,59.8
1080,100.5,87.7,86.5,170.0,76.0
1081,105.5,97.0,81.1,165.8,78.0
1082,100.6,88.0,75.5,156.2,71.2
1083,95.3,87.0,79.9,165.8,66.5
1084,93.5,90.0,80.3,168.8,73.5
1085,89.5,75.2,70.6,152.4,54.4
1086,99.2,80.5,78.7,161.1,67.8
1087,90.0,84.2,82.5,162.7,64.8
1088,95.3,91.7,77.1,161.4,66.3
1089,97.1,85.3,76.8,159.8,77.9
1090,99.0,95.3,80.3,164.3,70.2
1091,87.3,81.6,81.2,161.1,59.2
1092,85.2,77.8,71.1,152.0,56.3
1093,103.9,96.3,81.1,169.7,92.7
1094,99.2,93.1,82.0,164.0,80.1
1095,97.0,88.9,79.5,167.2,77.2
1096,93.6,80.5,84.5,166.2,70.4
1097,88.2,77.6,79.7,160.1,59.0
1098,97.8,79.5,74.9,158.0,64.0
1099,99.7,93.6,79.9,167.6,84.2
1100,82.2,70.2,72.3,153.6,54.6
1101,93.2,91.8,77.0,156.1,71.5
1102,90.3,82.8,71.5,147.5,57.5
1103,79.8,69.8,76.2,153.2,52.2
1104,95.7,83.9,83.0,164.6,72.5
1105,85.4,77.4,80.8,165.7,51.7
1106,89.6,82.8,81.1,164.8,63.1
1107,80.4,72.2,81.7,158.6,53.7
1108,90.0,80.5,77.3,160.9,59.7
1109,94.4,82.1,75.4,156.2,60.7
1110,87.5,79.7,72.2,150.7,57.7
1111,88.1,76.4,69.7,146.8,49.9
1112,92.6,84.7,77.3,163.6,68.7
1113,102.1,86.3,75.4,158.5,68.0
1114,91.9,86.8,76.4,160.7,63.2
1115,98.9,90.7,78.2,165.7,77.6
1116,96.1,88.3,79.8,160.6,63.8
1117,99.4,94.6,83.3,170.5,78.3
1118,83.6,73.5,80.8,160.5,60.2
1119,94.4,95.2,81.5,166.6,77.1
1120,89.6,83.3,79.8,163.5,61.7
1121,84.1,73.7,71.0,149.8,46.2
1122,86.3,71.5,78.5,161.9,59.1
1123,87.0,80.8,74.7,155.9,57.4
1124,90.2,75.8,80.8,163.9,62.1
1125,91.4,88.3,74.3,157.4,61.8
1126,82.4,78.9,73.6,153.0,51.8
1127,88.1,81.2,74.9,155.2,63.1
1128,92.9,83.8,75.5,157.2,65.3
1129,90.0,77.0,84.6,167.0,64.6
1130,80.7,70.7,76.9,157.4,56.9
1131,95.0,79.8,82.9,163.6,66.1
1132,89.2,85.6,73.2,157.5,59.8
1133,85.2,71.6,82.0,167.6,53.3
1134,107.1,94.0,84.3,170.5,75.5
1135,98.7,90.7,80.0,160.3,70.2
1136,96.1,83.2,75.6,159.3,65.5
1137,91.2,83.6,81.8,161.1,64.4
1138,94.7,84.0,80.3,167.3,68.0
1139,89.3,79.0,84.5,168.9,71.5
1140,83.7,73.3,71.2,152.9,49.9
1141,88.2,70.0,77.7,160.2,52.3
1142,105.7,80.5,84.7,176.4,74.0
1143,95.6,93.7,82.3,164.8,75.0
1144,97.6,86.7,78.6,158.7,60.4
1145,80.8,64.1,74.0,149.2,43.0
1146,108.2,95.1,72.4,156.7,75.0
1147,100.2,84.5,79.6,156.3,71.6
1148,96.6,87.6,81.6,166.3,72.3
1149,103.0,95.1,74.9,161.7,76.5
1150,90.4,79.0,85.3,168.3,66.0
1151,91.4,75.2,80.5,163.6,60.0
1152,93.3,80.7,80.6,162.8,69.5
1153,91.7,85.2,75.2,153.6,63.7
1154,87.4,88.0,72.0,153.0,60.2
1155,102.2,91.3,84.0,167.8,81.5
1156,95.6,88.5,85.1,168.2,77.3
1157,85.0,74.2,80.4,158.5,53.7
1158,91.2,82.6,79.7,158.8,67.2
1159,89.5,82.0,87.6,171.8,69.8
1160,102.1,101.0,79.0,165.5,80.9
1161,89.3,82.0,85.4,170.5,72.2
1162,97.6,79.2,77.5,160.8,63.0
1163,88.6,76.6,82.9,160.7,65.4
1164,84.7,72.8,70.0,149.0,48.4
1165,95.6,89.5,77.3,156.3,65.3
1166,82.4,81.1,84.6,167.7,66.9
1167,94.5,85.6,77.7,161.5,66.8
1168,90.7,77.2,78.9,157.0,67.2
1169,88.7,82.6,73.3,156.3,59.7
1170,92.9,84.4,78.2,162.7,65.8
1171,86.3,75.6,88.7,174.3,65.7
1172,91.7,89.3,78.6,163.5,68.1
1173,107.0,105.9,84.2,169.9,89.4
1174,88.3,78.1,72.8,150.3,64.3
1175,110.3,93.2,77.0,163.7,85.7
1176,85.4,74.6,75.4,154.4,56.0
1177,90.8,80.1,72.0,149.3,61.3
1178,91.3,92.8,79.9,164.5,66.2
1179,92.3,80.6,84.2,170.7,71.9
1180,88.9,74.9,78.4,161.1,58.6
1181,84.5,76.7,75.0,154.3,57.6
1182,87.4,74.8,77.6,160.4,56.0
1183,85.1,79.8,77.8,158.8,61.6
1184,81.1,72.2,74.2,154.3,53.3
1185,99.8,88.8,80.3,163.0,67.8
1186,97.4,78.4,81.0,167.4,77.6
1187,93.5,77.8,72.6,156.0,65.8
1188,100.1,93.0,77.8,162.0,66.6
1189,79.0,74.0,77.8,161.3,54.9
1190,85.4,81.8,74.2,154.1,53.9
1191,105.6,102.6,77.0,159.5,81.4
1192,92.3,79.6,79.4,160.0,61.1
1193,94.2,86.5,82.6,169.0,77.7
1194,93.0,89.2,79.1,161.2,72.5
1195,94.5,89.1,73.9,155.9,66.4
1196,103.7,98.5,81.3,167.8,80.6
1197,83.6,76.7,78.5,160.8,52.2
1198,79.0,69.8,71.9,155.9,47.8
1199,104.0,103.1,85.8,168.3,84.5
1200,98.5,86.9,76.9,158.6,68.5
1201,93.2,85.3,81.1,164.6,64.6
1202,90.8,78.8,81.1,165.6,67.9
1203,82.0,75.5,72.9,151.5,50.9
1204,95.3,86.8,86.3,175.4,74.5
1205,93.4,77.3,82.8,169.9,67.0
1206,96.9,84.7,75.0,157.3,57.3
1207,84.1,79.9,82.0,165.7,59.7
1208,99.8,89.5,80.8,165.5,66.5
1209,82.6,74.0,72.7,150.2,50.5
1210,95.3,92.7,77.3,165.3,74.9
1211,100.1,90.5,76.5,163.3,75.6
1212,95.6,83.7,78.7,158.5,63.4
1213,97.5,89.6,75.1,163.2,76.8
1214,101.9,96.8,77.3,161.6,80.4
1215,97.1,94.1,81.5,167.0,76.2
1216,89.0,69.8,76.6,163.2,52.6
1217,83.4,78.5,85.5,164.8,65.3
1218,104.6,92.8,80.1,157.6,72.6
1219,92.0,78.3,76.2,160.6,55.7
1220,86.9,77.2,79.3,165.2,59.9
1221,100.3,97.0,80.0,162.5,75.9
1222,95.5,88.0,77.8,159.8,60.7
1223,106.8,94.6,76.5,161.8,66.9
1224,98.8,91.5,80.4,167.4,69.7
1225,91.2,85.5,72.0,156.3,61.4
1226,102.7,88.1,82.1,172.8,74.2
1227,99.5,85.5,75.3,159.0,67.1
1228,83.4,82.5,80.2,163.6,57.7
1229,97.2,93.9,80.3,165.5,80.3
1230,92.8,83.7,81.0,170.7,63.4
1231,89.1,82.2,81.4,167.6,68.1
1232,99.8,89.5,74.9,163.3,73.4
1233,98.3,80.3,76.3,160.7,67.2
1234,91.9,91.1,73.9,161.8,66.2
1235,91.6,82.2,80.1,170.8,70.3
1236,92.0,79.0,82.7,173.5,70.9
1237,85.5,70.0,85.0,171.5,58.6
1238,92.3,72.7,73.7,157.0,49.3
1239,98.8,84.9,76.9,164.2,73.3
1240,109.8,117.4,82.6,178.8,99.6
1241,91.3,83.7,78.5,160.0,64.8
1242,93.6,83.5,77.5,167.5,72.9
1243,109.3,111.4,77.6,163.4,90.2
1244,103.7,96.0,73.4,157.6,75.4
1245,90.3,81.4,77.8,159.9,65.4
1246,88.3,82.4,76.1,159.8,70.8
1247,98.6,88.9,72.8,154.8,64.7
1248,92.0,79.0,78.7,160.7,63.1
1249,90.4,77.5,80.4,168.6,66.6
1250,86.5,82.7,74.7,164.0,66.7
1251,86.4,70.7,74.1,156.3,49.7
1252,84.8,78.8,75.1,159.1,55.8
1253,109.7,98.2,83.9,167.8,92.1
1254,93.7,80.4,80.6,167.0,69.5
1255,94.7,84.7,71.8,152.9,56.3
1256,86.0,75.7,77.8,161.6,60.3
1257,95.9,86.0,78.5,162.0,64.7
1258,94.5,82.7,70.9,151.0,64.2
1259,102.2,85.2,76.1,162.6,70.1
1260,85.9,81.5,76.0,160.0,58.3
1261,107.6,96.6,78.2,167.9,84.3
1262,105.5,92.8,73.6,160.0,69.6
1263,107.2,90.6,78.7,161.8,73.5
1264,86.3,72.9,78.9,162.9,47.0
1265,90.1,77.5,78.6,165.1,60.8
1266,79.1,74.2,79.6,159.6,51.5
1267,98.3,88.2,81.6,165.4,71.7
1268,103.5,99.5,89.7,177.6,88.9
1269,84.5,70.5,74.2,154.6,53.2
1270,99.0,87.6,81.3,167.6,74.7
1271,92.4,77.5,74.0,158.5,62.2
1272,89.9,73.3,72.9,159.4,57.4
1273,87.0,78.1,75.5,162.9,56.5
1274,97.2,84.0,76.9,158.1,64.6
1275,85.5,75.1,77.3,161.4,52.9
1276,94.7,83.4,72.6,155.9,64.8
1277,96.7,87.8,83.1,169.7,75.1
1278,102.6,87.9,78.9,167.4,74.0
1279,101.8,97.4,80.5,169.2,75.8
1280,84.9,76.0,75.3,161.5,55.4
1281,104.5,96.4,87.4,176.2,85.2
1282,98.6,102.5,73.5,157.3,81.4
1283,106.4,96.6,78.0,167.4,82.4
1284,87.4,76.1,73.5,153.1,50.3
1285,96.4,90.5,70.4,150.5,60.7
1286,85.8,85.1,84.2,170.0,69.2
1287,99.2,90.3,72.5,153.9,64.0
1288,88.5,82.0,76.4,162.0,65.0
1289,82.8,71.9,80.4,171.2,58.0
1290,92.7,81.0,73.0,155.4,60.1
1291,82.1,72.8,76.4,159.8,60.1
1292,96.8,84.5,78.7,161.2,66.4
1293,85.7,80.6,86.7,170.7,70.3
1294,92.2,76.4,77.5,161.1,61.6
1295,96.7,85.4,72.1,159.9,65.4
1296,84.8,74.7,77.0,156.9,58.9
1297,86.4,65.6,78.3,166.3,52.4
1298,96.2,88.6,78.6,166.6,70.6
1299,83.7,80.1,79.4,165.9,67.6
1300,96.5,89.5,73.0,154.3,62.3
1301,93.1,91.6,75.3,157.1,62.8
1302,79.5,68.1,77.3,161.8,50.3
1303,91.0,79.0,75.7,161.0,59.9
1304,78.6,68.0,74.5,151.2,50.8
1305,78.5,72.5,74.2,155.5,52.0
1306,105.0,94.2,80.9,172.9,83.1
1307,96.4,83.8,76.4,159.3,62.2
1308,97.3,88.3,77.0,160.9,70.6
1309,91.7,90.7,81.2,164.8,66.7
1310,95.3,87.8,78.4,163.1,73.0
1311,103.2,98.0,80.1,171.2,84.2
1312,79.9,79.4,74.3,154.1,54.9
1313,86.4,75.4,83.4,166.3,60.9
1314,99.0,84.4,77.3,161.4,67.0
1315,100.6,86.0,77.5,159.8,71.1
1316,95.1,86.5,74.9,161.7,65.5
1317,99.9,90.0,77.8,165.8,77.1
1318,93.5,76.9,78.3,164.2,66.8
1319,90.5,86.3,82.2,169.8,70.7
1320,104.5,93.6,80.2,164.8,75.7
1321,99.0,86.6,86.4,175.6,85.7
1322,92.2,84.2,80.9,165.1,67.8
1323,89.3,81.9,77.4,163.4,63.0
1324,88.2,79.4,84.7,170.9,74.5
1325,82.8,74.6,86.0,168.6,56.4
1326,100.9,87.8,75.7,164.5,72.1
1327,92.5,83.5,77.7,156.5,64.6
1328,80.5,69.0,74.7,153.7,44.4
1329,91.8,80.0,68.4,151.1,59.1
1330,94.1,84.8,82.1,164.9,69.6
1331,80.8,69.4,68.6,145.8,44.5
1332,89.3,76.5,87.1,175.9,72.6
1333,90.4,88.5,72.3,155.8,70.7
1334,93.7,79.7,79.1,168.8,64.3
1335,86.9,83.1,78.2,158.1,65.4
1336,90.2,84.0,75.9,158.3,62.6
1337,92.6,87.1,77.5,164.3,73.6
1338,103.1,95.5,84.6,175.2,85.3
1339,94.8,93.6,74.9,160.0,75.0
1340,108.6,90.5,75.0,161.8,79.7
1341,105.3,100.5,84.1,171.0,83.7
1342,83.8,75.6,77.7,158.5,59.0
1343,84.0,71.9,77.9,159.5,51.2
1344,94.5,79.4,77.5,161.4,62.1
1345,105.8,96.7,78.1,166.3,81.0
1346,91.5,84.6,76.5,161.7,61.4
1347,85.3,73.8,80.1,159.6,54.4
1348,87.5,79.0,79.8,160.2,60.3
1349,102.1,92.6,80.8,169.4,79.2
1350,101.5,85.3,73.4,151.0,61.8
1351,99.5,88.6,70.5,153.4,60.3
1352,112.7,97.0,76.6,163.4,88.5
1353,103.8,100.0,77.2,167.9,84.2
1354,101.1,95.6,74.1,161.8,79.8
1355,90.8,84.0,77.2,165.8,63.4
1356,87.0,74.9,82.2,164.3,56.1
1357,99.2,90.5,79.7,165.2,77.4
1358,98.8,84.7,76.2,161.5,73.0
1359,102.2,93.3,82.4,167.4,85.0
1360,99.5,88.3,72.2,152.7,64.3
1361,87.7,71.0,71.6,151.8,50.5
1362,84.0,82.5,78.4,165.3,72.9
1363,103.5,86.6,78.7,165.9,83.5
1364,80.7,66.8,72.7,157.0,46.3
1365,106.3,112.1,74.1,157.0,80.2
1366,115.3,112.1,73.0,165.3,95.1
1367,81.5,68.0,86.4,171.2,58.2
1368,99.9,86.3,69.9,151.9,70.3
1369,114.5,112.7,85.2,170.2,101.9
1370,91.5,80.1,74.7,162.7,64.5
1371,106.5,94.2,74.1,151.6,72.1
1372,103.2,90.0,76.0,158.3,66.1
1373,89.6,77.5,83.9,164.7,58.9
1374,83.7,70.2,75.1,159.4,52.8
1375,91.3,78.3,78.8,161.7,62.3
1376,118.8,103.2,82.2,167.4,89.6
1377,103.0,98.1,76.1,160.5,83.3
1378,113.9,109.0,78.7,164.9,91.6
1379,86.9,78.0,78.3,160.3,67.7
1380,77.3,72.6,78.0,162.0,53.5
1381,105.2,90.8,76.2,158.4,71.2
1382,86.0,72.5,78.7,157.9,52.7
1383,104.5,93.3,75.4,160.8,72.1
1384,93.2,78.1,78.0,165.6,58.9
1385,95.3,86.7,78.0,163.9,73.1
1386,85.4,77.1,76.6,163.0,62.0
1387,103.3,99.1,74.7,161.5,69.5
1388,93.9,85.0,69.0,158.4,62.0
1389,95.4,81.4,82.1,166.4,66.9
1390,89.3,83.0,70.9,154.5,54.3
1391,86.7,86.2,80.5,168.8,64.8
1392,84.2,70.1,81.6,167.3,62.5
1393,86.6,80.7,78.0,164.7,64.3
1394,95.7,95.7,75.2,163.7,73.6
1395,103.6,92.2,88.3,178.7,82.4
1396,99.2,89.5,71.7,150.3,70.1
1397,104.0,94.0,73.3,156.2,69.9
1398,102.1,91.2,71.9,155.8,75.4
1399,94.6,81.8,75.4,157.6,64.7
1400,96.1,83.0,78.3,162.8,66.6
1401,110.0,94.4,80.6,174.8,83.1
1402,99.4,84.0,74.2,157.2,63.2
1403,93.7,82.4,83.8,174.3,74.6
1404,92.0,90.4,75.3,156.1,58.9
1405,92.5,82.5,77.4,162.3,64.3
1406,96.5,90.8,82.9,164.9,70.5
1407,107.4,90.1,80.0,166.1,76.0
1408,97.6,84.7,84.3,166.8,68.0
1409,94.1,84.2,82.9,172.2,69.5
1410,104.5,107.7,81.7,167.4,86.8
1411,90.2,77.0,81.2,166.3,65.3
1412,100.1,85.6,71.9,154.3,80.4
1413,93.5,76.3,76.3,156.1,67.3
1414,80.2,68.2,79.4,158.7,51.6
1415,92.8,84.1,70.1,149.5,52.6
1416,112.9,110.6,78.0,164.5,91.4
1417,106.1,104.5,77.1,165.3,91.9
1418,100.5,99.3,80.5,168.5,75.7
1419,104.8,101.7,76.2,156.9,71.7
1420,91.5,85.1,82.1,165.6,73.8
1421,92.0,86.0,77.9,167.2,76.9
1422,93.2,78.5,78.7,162.2,69.2
1423,89.4,76.5,77.4,166.4,60.9
1424,85.4,73.7,77.0,163.6,59.6
1425,104.5,95.3,84.1,166.6,74.0
1426,105.6,97.3,74.4,155.8,80.4
1427,109.3,95.8,84.5,167.4,93.4
1428,95.2,81.2,73.3,153.4,56.8
1429,84.7,92.3,81.1,163.0,62.6
1430,100.5,87.8,80.6,167.1,73.8
1431,96.8,81.6,85.5,178.9,80.8
1432,85.2,83.1,74.7,155.3,62.4
1433,101.0,90.3,76.5,167.3,77.5
1434,90.2,82.4,76.8,159.8,63.1
1435,99.0,97.2,90.7,179.8,87.5
1436,88.8,80.0,80.4,164.1,65.0
1437,84.8,77.2,82.0,171.8,65.0
1438,100.1,92.5,76.7,156.8,63.8
1439,92.3,84.0,81.9,165.2,64.2
1440,95.4,82.9,81.8,167.6,69.8
1441,108.3,96.8,74.4,159.5,83.1
1442,105.3,109.5,80.4,169.7,96.2
1443,116.7,105.0,82.5,170.3,93.0
1444,82.6,69.6,75.6,156.7,48.9
1445,81.8,76.0,76.2,155.4,53.6
1446,93.0,73.6,82.1,164.5,62.9
1447,81.8,65.1,76.1,162.5,51.0
1448,96.6,83.7,75.5,156.0,65.4
1449,94.6,79.8,74.4,150.1,58.8
1450,93.1,88.0,77.5,161.7,65.0
1451,91.3,79.0,80.7,166.0,67.9
1452,105.3,104.5,78.0,163.5,71.9
1453,98.4,103.3,77.3,162.1,92.0
1454,92.0,75.7,73.4,159.6,61.8
1455,95.1,88.5,75.9,164.9,71.2
1456,92.1,89.3,76.5,159.0,64.3
1457,93.5,96.8,78.5,163.0,79.3
1458,90.3,93.0,70.8,150.5,57.5
1459,97.9,83.7,75.4,159.0,68.6
1460,88.2,84.0,80.4,161.3,68.8
1461,98.1,90.0,77.2,162.0,77.8
1462,105.3,95.5,78.4,168.7,76.5
1463,88.7,79.6,76.2,161.3,59.0
1464,96.4,83.3,79.2,164.8,62.6
1465,101.6,89.1,93.0,182.0,90.8
1466,86.3,65.6,81.7,161.3,50.0
1467,97.8,80.8,83.6,171.9,68.8
1468,92.6,80.3,72.3,154.3,56.7
1469,91.3,80.7,83.2,167.4,62.2
1470,98.1,86.5,83.7,166.2,70.7
1471,94.5,87.6,78.7,161.2,68.5
1472,83.6,72.3,78.1,160.5,57.1
1473,111.2,105.6,70.0,156.0,84.6
1474,81.4,71.1,83.8,166.4,61.8
1475,94.3,78.0,79.4,166.2,67.2
1476,92.4,77.8,76.3,162.0,69.2
1477,76.4,63.7,73.7,156.7,46.9
1478,87.3,79.0,82.7,168.9,67.4
1479,84.5,71.8,80.4,157.6,52.9
1480,86.1,84.0,75.7,159.6,64.4
1481,102.3,102.6,78.9,168.4,81.9
1482,90.8,81.7,81.1,170.2,68.3
1483,85.2,68.9,84.3,174.5,58.2
1484,86.1,76.4,79.9,159.9,53.2
1485,98.5,85.8,75.3,162.8,70.3
1486,103.7,85.5,76.5,165.1,80.7
1487,88.6,82.5,73.9,159.2,56.9
1488,89.7,78.7,74.5,158.7,50.4
1489,95.5,94.1,78.0,162.8,74.3
1490,91.8,84.0,77.5,162.7,64.8
1491,94.9,84.6,76.9,161.7,65.2
1492,83.0,79.0,79.0,158.2,54.8
1493,89.7,77.6,76.2,153.7,56.1
1494,91.6,82.3,79.3,162.9,66.3
1495,90.0,72.5,81.4,164.0,57.7
1496,93.4,90.8,82.7,167.5,79.0
1497,99.6,90.8,79.9,159.2,67.1
1498,102.0,94.2,81.1,163.3,69.1
1499,91.9,86.3,87.7,173.3,77.3
1500,89.3,73.3,78.3,161.0,62.2
1501,94.3,85.2,77.3,156.6,62.0
1502,99.0,89.8,80.4,163.9,69.1
1503,88.5,87.9,76.3,158.0,62.6
1504,87.3,75.1,75.9,155.7,58.7
1505,91.3,86.4,80.5,168.3,69.4
1506,93.0,77.9,75.3,159.7,64.7
1507,88.3,88.4,77.1,159.8,62.1
1508,95.6,94.0,78.7,161.3,69.8
1509,83.5,76.9,78.7,164.9,65.6
1510,84.7,75.7,83.3,167.2,60.2
1511,89.1,78.4,82.8,171.3,74.3
1512,103.2,99.1,78.1,164.1,74.4
1513,92.8,78.8,75.6,161.2,63.3
1514,89.2,80.7,75.2,159.6,62.1
1515,82.1,72.0,68.3,144.2,46.7
1516,97.8,84.9,73.2,155.5,63.9
1517,91.5,85.8,72.3,149.7,57.9
1518,97.3,88.9,74.2,161.2,70.8
1519,91.1,75.7,82.9,169.0,69.8
1520,98.1,82.8,76.4,163.4,65.4
1521,90.0,82.0,72.9,150.9,54.2
1522,86.2,73.9,75.4,158.2,59.3
1523,90.9,78.9,67.1,146.5,49.7
1524,91.3,73.3,73.4,154.5,52.6
1525,82.5,74.0,69.9,147.5,48.0
1526,95.1,80.8,81.3,163.3,55.7
1527,97.6,96.7,79.9,163.1,72.4
1528,94.5,90.9,77.4,162.6,66.1
1529,105.7,96.2,73.6,153.3,79.4
1530,90.4,83.4,74.1,155.3,57.2
1531,94.6,94.8,87.0,175.2,78.5
1532,97.6,84.8,76.8,161.8,67.6
1533,88.7,72.1,77.3,163.4,53.0
1534,99.1,86.5,78.9,168.9,77.7
1535,87.7,79.3,72.9,153.4,52.4
1536,90.0,73.1,78.7,162.9,60.1
1537,89.3,75.0,77.7,162.8,55.9
1538,84.5,74.4,76.2,160.3,53.0
1539,88.0,78.0,72.4,154.7,57.8
1540,101.0,86.0,76.4,158.5,64.4
1541,101.6,90.0,82.1,163.8,69.3
1542,103.3,95.5,85.8,175.4,84.9
1543,89.5,75.3,74.3,162.3,60.7
1544,91.9,82.5,78.3,161.4,62.3
1545,87.0,77.4,80.5,167.6,60.1
1546,82.5,67.9,75.9,156.0,51.6
1547,79.2,71.6,79.9,163.7,50.5
1548,89.2,69.9,73.3,154.2,53.2
1549,90.4,81.4,69.8,153.6,56.6
1550,94.5,85.3,77.3,161.3,73.2
1551,90.8,78.3,77.8,159.5,57.6
1552,100.5,86.0,80.5,165.9,80.7
1553,89.5,75.0,74.8,156.4,62.2
1554,101.4,96.0,80.8,168.6,72.6
1555,97.8,87.3,79.3,167.8,71.1
1556,97.5,92.3,76.2,157.3,57.2
1557,88.9,79.1,75.3,158.9,62.3
1558,88.4,77.1,77.8,162.1,60.2
1559,113.5,98.3,83.2,167.9,80.5
1560,91.4,78.7,75.5,159.8,56.1
1561,76.6,65.7,86.9,171.3,52.0
1562,88.0,78.1,74.2,155.0,57.8
1563,83.4,74.0,80.2,158.3,58.0
1564,83.4,81.9,73.9,154.0,61.2
1565,93.6,80.5,69.8,154.1,58.5
1566,105.2,101.0,74.8,162.2,87.5
1567,101.5,90.5,87.8,179.3,77.3
1568,102.6,92.0,84.6,171.3,75.5
1569,104.3,92.4,74.5,160.3,67.8
1570,106.2,100.3,83.1,171.1,88.8
1571,92.1,78.0,79.7,164.1,66.5
1572,96.3,100.3,74.9,149.4,58.0
1573,102.9,86.3,80.7,167.2,66.5
1574,88.4,85.6,75.5,161.6,64.9
1575,98.3,90.2,75.4,158.5,67.3
1576,106.5,101.0,77.7,161.2,74.4
1577,86.9,75.9,81.7,166.3,57.6
1578,100.4,89.3,74.9,165.6,73.5
1579,94.0,84.4,77.4,159.8,63.6
1580,77.0,66.5,76.4,154.5,43.2
1581,107.2,93.0,76.4,163.4,74.7
1582,97.1,80.7,85.4,170.4,66.9
1583,110.0,95.7,80.0,166.4,82.6
1584,87.3,86.8,72.8,152.2,57.8
1585,90.7,78.2,80.5,164.6,63.7
1586,101.9,96.6,72.4,155.7,75.8
1587,95.0,77.8,75.4,162.5,59.4
1588,114.3,98.0,81.3,167.1,87.2
1589,97.0,85.0,73.6,153.5,69.3
1590,90.3,67.0,74.5,159.1,50.0
1591,91.6,74.5,70.8,156.7,56.7
1592,86.8,82.6,75.2,154.0,58.9
1593,98.7,86.0,75.1,157.3,64.0
1594,94.2,79.7,81.1,163.7,68.3
1595,90.8,70.6,74.1,160.4,56.6
1596,88.1,73.0,87.5,174.0,63.2
1597,88.2,74.3,77.0,156.3,59.1
1598,90.7,80.5,84.8,177.3,76.0
1599,96.6,91.2,82.9,167.2,66.4
1600,93.1,85.3,70.3,156.4,65.8
1601,96.8,84.7,78.5,160.0,71.0
1602,83.0,72.6,75.0,158.6,55.1
1603,88.3,79.5,76.5,156.6,59.3
1604,95.9,83.7,80.6,168.3,66.1
1605,91.0,81.6,74.3,161.3,65.8
1606,94.0,81.4,72.6,157.2,63.4
1607,86.9,69.3,75.3,158.4,48.0
1608,90.0,79.8,82.0,170.6,66.0
1609,88.7,80.7,74.2,162.0,60.1
1610,80.7,77.8,84.7,164.0,54.6
1611,126.6,130.5,85.1,171.1,116.6
1612,104.2,91.9,81.9,164.1,79.3
1613,79.1,61.1,72.3,156.7,45.4
1614,81.4,69.8,83.1,162.9,49.9
1615,69.5,61.5,69.8,147.9,35.8
1616,91.2,85.9,81.3,166.3,70.0
1617,93.4,88.7,94.7,174.9,77.0
1618,98.4,91.1,73.5,159.2,64.9
1619,88.7,73.3,75.4,159.1,55.0
1620,108.1,97.9,86.9,171.0,87.5
1621,101.2,96.8,84.3,168.4,76.8
1622,101.8,94.1,81.8,162.5,76.3
1623,93.5,73.2,79.5,166.6,65.0
1624,89.6,76.0,74.0,157.6,55.5
1625,103.6,90.5,81.7,168.5,75.5
1626,85.0,71.5,76.6,162.9,54.8
1627,92.6,87.8,80.7,163.7,70.5
1628,88.8,78.8,72.6,159.7,54.8
1629,96.7,90.3,82.7,167.6,76.3
1630,102.6,87.0,85.1,167.2,78.4
1631,92.0,84.8,83.0,170.7,69.8
1632,87.9,82.5,79.4,164.9,65.0
1633,97.2,95.5,74.4,161.5,79.4
1634,115.7,110.5,78.3,162.9,89.7
1635,85.0,78.5,75.5,161.5,52.5
1636,97.6,97.2,74.7,153.7,77.2
1637,89.9,79.3,78.1,166.3,65.7
1638,88.8,79.8,77.7,158.2,53.7
1639,101.0,95.5,68.0,149.9,66.7
1640,101.0,92.0,85.1,177.1,83.3
1641,96.7,85.5,73.6,154.5,59.9
1642,97.5,91.4,75.5,160.3,64.9
1643,106.6,93.8,74.8,158.0,78.8
1644,106.2,96.0,76.4,160.8,75.2
1645,94.1,90.0,73.8,156.1,64.3
1646,88.0,78.0,77.3,164.2,61.3
1647,102.7,93.5,74.0,160.0,84.7
1648,95.3,89.0,76.5,159.1,68.7
1649,99.7,82.1,80.9,169.7,69.7
1650,87.0,79.3,79.4,169.1,60.2
1651,95.6,77.5,72.6,156.3,63.1
1652,115.2,103.4,73.7,159.8,95.2
1653,79.5,66.4,79.7,163.1,51.3
1654,93.7,90.7,78.9,164.8,69.4
1655,82.6,76.8,72.0,149.6,50.9
1656,87.8,67.2,72.3,152.2,52.0
1657,104.7,96.5,89.2,176.9,88.9
1658,90.0,78.4,87.0,176.1,78.5
1659,97.6,90.3,78.5,161.8,67.8
1660,91.2,84.1,77.7,161.2,64.4
1661,94.0,87.0,80.3,165.3,65.7
1662,95.5,85.2,77.3,159.8,66.1
1663,113.0,99.3,83.0,177.0,92.5
1664,100.1,86.6,72.9,156.6,61.1
1665,96.1,75.7,80.3,166.8,61.1
1666,97.3,90.7,82.6,161.4,79.7
1667,102.1,85.3,79.5,167.3,68.2
1668,84.0,77.9,75.8,158.8,48.9
1669,105.3,92.6,75.6,153.4,66.9
1670,88.8,82.5,71.3,149.0,61.7
1671,95.5,93.8,76.3,161.1,70.6
1672,90.9,75.5,77.3,159.9,61.1
1673,100.1,86.7,76.7,164.5,66.2
1674,91.0,78.4,73.1,157.1,53.2
1675,93.3,75.3,80.2,165.7,61.6
1676,97.4,91.4,77.3,164.1,73.7
1677,94.7,82.6,80.4,171.0,65.7
1678,98.6,87.5,80.4,167.4,67.1
1679,118.0,109.5,72.0,156.1,83.1
1680,110.0,107.6,78.3,166.4,86.6
1681,110.1,108.7,83.4,174.3,105.4
1682,108.0,101.1,81.1,168.1,92.0
1683,91.3,93.1,74.1,149.8,61.7
1684,102.6,88.8,75.7,159.5,77.2
1685,104.7,97.1,85.3,177.1,77.7
1686,111.3,101.5,77.8,158.5,80.2
1687,108.0,99.5,89.6,181.9,95.3
1688,109.4,106.7,79.5,168.3,87.0
1689,97.4,85.3,80.7,168.6,73.0
1690,109.6,93.7,79.3,170.3,87.7
1691,97.6,96.7,81.3,170.7,82.3
1692,107.8,111.2,84.7,167.8,83.1
1693,88.6,70.0,80.4,164.6,59.9
1694,96.2,90.7,82.0,167.6,72.5
1695,87.2,81.0,88.4,170.3,63.0
1696,90.1,90.0,80.3,160.9,62.3
1697,110.0,93.5,79.7,163.6,82.1
1698,91.0,85.8,77.3,162.5,62.4
1699,88.3,79.0,78.4,161.5,56.7
1700,106.0,96.0,75.5,160.3,67.5
1701,84.6,77.8,82.4,164.1,62.3
1702,92.0,79.1,84.6,169.7,64.4
1703,92.6,83.8,74.1,157.1,62.6
1704,94.6,84.5,75.3,154.8,71.3
1705,89.9,79.9,79.3,163.3,63.0
1706,103.2,92.2,77.7,166.7,82.0
1707,104.3,95.6,78.0,158.4,76.2
1708,92.9,84.3,79.6,164.2,69.7
1709,109.8,106.4,87.5,173.6,91.0
1710,96.5,95.7,80.4,167.1,80.1
1711,91.2,82.0,79.3,159.5,68.3
1712,96.4,87.5,83.3,171.6,76.9
1713,87.9,76.8,73.7,157.4,60.1
1714,105.4,107.3,75.3,161.0,82.1
1715,94.7,91.3,79.9,164.3,84.2
1716,99.2,95.9,79.9,169.7,79.1
1717,94.1,84.0,68.6,150.1,57.5
1718,88.4,78.7,79.2,163.2,56.8
1719,101.5,89.3,82.1,165.4,72.0
1720,78.7,70.6,74.7,157.1,52.1
1721,103.1,85.0,80.3,159.6,68.9
1722,88.1,79.6,74.8,158.9,65.2
1723,113.1,101.0,78.8,165.0,82.7
1724,92.7,91.0,77.4,161.1,66.2
1725,97.1,101.3,80.5,163.2,71.5
1726,122.0,104.6,82.4,172.9,97.3
1727,80.0,65.0,76.6,153.3,45.0
1728,79.3,72.0,75.8,161.1,50.4
1729,84.8,74.7,81.5,165.0,57.7
1730,93.2,86.7,71.4,147.3,56.2
1731,94.1,81.0,85.7,170.0,72.8
1732,94.0,80.7,83.6,169.2,72.2
1733,82.6,73.8,79.7,161.1,56.0
1734,99.0,92.0,82.6,173.4,82.4
1735,104.7,91.8,87.3,169.2,82.5
1736,107.1,109.3,80.7,164.7,99.5
1737,122.2,114.0,77.8,159.9,98.8
1738,110.2,101.7,74.3,161.4,81.5
1739,95.0,94.5,76.5,154.9,72.3
1740,95.7,86.8,76.9,163.4,73.6
1741,95.1,80.5,86.7,176.0,69.8
1742,102.6,94.4,78.4,168.3,76.6
1743,90.0,81.4,78.1,161.8,65.1
1744,80.0,73.5,74.4,156.5,51.8
1745,86.8,81.4,77.6,159.2,54.9
1746,86.2,78.7,79.4,163.6,57.6
1747,91.4,80.8,73.6,153.8,58.3
1748,88.3,82.2,80.0,164.8,67.0
1749,93.6,80.1,79.5,164.5,63.1
1750,88.0,84.2,76.4,162.3,62.7
1751,94.1,84.4,79.4,161.1,67.6
1752,87.2,74.7,75.2,160.2,53.4
1753,100.8,87.3,78.6,167.0,74.8
1754,91.5,75.7,80.2,164.3,64.4
1755,97.9,85.4,77.6,162.8,67.7
1756,90.4,77.8,76.0,157.5,62.0
1757,83.4,71.3,77.0,161.3,53.6
1758,86.8,77.1,75.9,159.8,59.9
1759,89.8,85.7,77.3,161.0,64.4
1760,82.2,73.9,79.3,159.7,53.6
1761,108.6,97.2,75.8,159.0,88.2
1762,93.0,84.0,86.4,168.8,64.6
1763,93.6,87.8,73.4,150.2,66.2
1764,91.5,78.8,77.3,159.3,69.8
1765,103.6,89.5,76.8,160.7,67.7
1766,88.1,74.0,75.5,162.5,58.6
1767,88.6,76.7,70.3,152.5,52.6
1768,89.4,79.7,74.4,156.3,56.4
1769,92.3,84.0,84.3,173.4,76.5
1770,99.6,94.7,88.0,173.4,87.1
1771,92.0,81.2,81.9,172.8,68.2
1772,89.3,85.6,80.4,166.1,62.9
1773,87.2,73.3,81.2,170.3,56.8
1774,97.1,85.7,82.3,170.2,68.0
1775,91.1,78.2,84.7,177.2,66.9
1776,92.8,91.8,76.8,162.6,71.2
1777,99.9,87.5,76.8,166.1,78.1
1778,96.6,83.5,76.8,154.9,67.5
1779,93.8,79.5,80.6,163.4,66.3
1780,101.6,96.7,78.1,166.1,79.3
1781,94.6,90.2,77.9,156.4,60.4
1782,107.5,90.2,78.4,166.4,73.2
1783,104.4,98.6,67.7,155.3,71.2
1784,90.9,84.0,85.0,170.0,72.2
1785,92.6,82.7,77.0,154.2,61.0
1786,98.7,97.5,85.7,174.3,81.7
1787,98.0,90.5,82.4,162.3,79.9
1788,84.5,77.0,79.9,159.0,60.2
1789,88.2,73.7,75.1,160.4,58.4
1790,87.2,75.2,82.0,162.7,60.1
1791,101.4,91.8,84.2,171.8,83.4
1792,117.3,95.7,84.4,170.5,97.3
1793,85.7,68.6,71.4,156.1,55.7
1794,80.3,78.2,87.2,166.1,55.3
1795,84.1,70.0,81.9,162.0,52.6
1796,85.7,69.0,87.1,166.0,61.4
1797,108.3,103.4,84.7,169.7,89.4
1798,106.6,99.0,82.9,169.9,89.3
1799,90.1,80.0,83.4,174.0,70.2
1800,103.0,87.9,82.5,170.1,73.8
1801,90.0,72.7,83.8,170.7,60.1
1802,99.8,99.1,72.4,156.0,78.2
1803,78.0,64.7,70.5,148.3,44.2
1804,80.2,67.8,79.0,158.7,47.6
1805,90.7,84.6,77.8,157.9,64.2
1806,94.0,85.0,76.9,165.9,73.7
1807,97.2,85.1,84.1,168.4,77.6
1808,90.0,77.0,73.8,159.3,62.0
1809,95.3,84.3,79.9,158.9,64.6
1810,94.5,85.6,77.6,168.3,69.7
1811,95.3,79.5,81.0,170.4,72.4
1812,102.2,88.3,84.5,173.6,69.7
1813,92.7,76.8,80.1,163.3,62.0
1814,101.3,85.7,86.1,172.4,88.4
1815,100.1,98.2,69.5,148.7,71.2
1816,101.8,91.5,70.9,156.0,68.4
1817,97.8,92.0,75.8,156.1,62.3
1818,93.0,81.6,76.7,161.8,61.4
1819,93.0,66.7,75.1,160.4,55.1
1820,114.1,119.8,81.6,165.8,112.1
1821,97.0,88.2,76.5,165.8,74.9
1822,95.6,87.0,75.7,159.1,70.9
1823,87.2,78.0,78.5,163.8,58.8
1824,100.3,101.6,85.3,175.1,87.6
1825,85.7,75.3,75.3,158.7,59.7
1826,104.4,93.7,72.6,154.0,68.0
1827,100.9,94.6,72.0,157.6,70.7
1828,92.0,74.5,83.7,173.7,68.6
1829,90.1,82.6,75.3,157.3,62.4
1830,90.3,80.5,77.9,162.2,61.0
1831,89.1,77.3,76.8,158.8,58.2
1832,84.3,62.4,71.9,154.8,48.9
1833,93.8,86.5,77.1,166.2,69.6
1834,97.6,89.5,85.7,171.8,79.5
1835,88.5,80.5,68.8,151.9,60.0
1836,95.0,82.6,75.9,157.3,64.0
1837,93.2,88.3,73.5,156.6,71.2
1838,82.0,69.6,74.0,152.9,47.5
1839,90.9,82.0,72.5,158.5,73.5
1840,89.3,73.0,76.5,161.1,54.6
1841,92.5,77.0,76.5,161.0,56.2
1842,94.7,83.0,70.8,154.1,58.2
1843,99.9,87.0,86.5,176.6,81.2
1844,83.8,73.8,79.0,162.6,51.8
1845,85.2,70.6,78.8,164.4,52.3
1846,102.3,86.5,80.2,167.9,75.6
1847,91.2,81.2,85.8,174.3,67.4
1848,82.5,67.0,79.5,165.8,55.2
1849,103.1,90.0,74.6,161.0,69.0
1850,89.3,84.0,80.4,167.5,63.6
1851,95.1,78.4,79.7,163.7,64.1
1852,93.4,93.3,76.7,162.8,70.1
1853,100.4,97.8,75.3,164.5,79.3
1854,95.7,88.3,76.1,159.5,66.0
1855,111.7,103.2,80.7,173.1,93.1
1856,96.0,91.2,75.9,156.7,66.1
1857,78.0,67.2,78.9,162.8,51.0
1858,91.6,87.7,81.7,168.8,68.6
1859,106.3,93.2,82.8,170.6,83.9
1860,89.3,84.0,74.6,154.3,65.2
1861,110.2,103.2,80.5,166.5,92.0
1862,90.0,78.3,79.3,169.0,66.7
1863,82.3,66.8,69.1,147.1,46.4
1864,94.3,88.2,77.4,161.6,62.7
1865,90.1,72.7,88.0,175.3,59.3
1866,79.5,69.8,78.2,162.6,50.8
1867,94.4,86.6,80.4,169.8,72.7
1868,97.0,77.7,69.8,154.5,58.3
1869,94.2,78.5,82.3,175.9,66.9
1870,104.1,105.5,85.7,173.2,84.2
1871,88.4,83.0,76.7,158.7,60.1
1872,92.0,77.3,76.6,160.5,60.9
1873,94.3,87.2,70.9,153.0,68.7
1874,88.7,71.5,75.7,159.8,54.9
1875,82.6,67.4,74.5,152.4,45.2
1876,105.5,106.6,78.0,168.3,83.5
1877,90.1,82.2,77.8,157.7,64.1
1878,90.6,74.9,73.1,158.3,58.8
1879,87.8,75.0,73.7,158.2,56.3
1880,101.6,89.5,73.4,156.9,70.2
1881,101.5,87.6,82.4,165.1,77.9
1882,99.8,90.2,68.9,146.3,62.6
1883,119.8,111.3,78.5,165.9,99.2
1884,88.3,78.4,76.5,159.6,62.6
1885,105.0,90.3,72.6,160.0,71.3
1886,87.2,71.5,74.0,155.7,52.8
1887,89.6,78.3,77.0,156.5,55.2
1888,96.2,82.7,72.8,152.5,62.2
1889,86.3,86.0,81.0,161.3,61.2
1890,81.4,72.7,78.6,167.4,52.9
1891,99.6,92.3,74.9,161.4,74.8
1892,89.8,81.5,73.4,155.8,58.2
1893,94.2,90.7,85.7,177.4,79.0
1894,92.2,78.5,79.0,163.3,61.8
1895,99.2,100.4,73.8,161.1,71.6
1896,95.8,85.8,89.3,176.8,69.2
1897,97.3,85.0,76.9,157.8,63.5
1898,91.7,90.1,79.7,161.9,70.4
1899,94.6,89.0,79.4,168.1,66.8
1900,84.1,72.8,76.1,161.3,53.5
1901,96.7,80.8,75.7,157.5,61.5
1902,101.8,91.8,79.4,164.8,75.1
1903,86.7,69.0,75.3,159.0,54.6
1904,97.3,90.5,75.4,160.9,69.5
1905,99.0,91.9,80.2,162.5,77.3
1906,101.2,96.0,82.0,167.6,75.1
1907,104.0,94.5,74.8,162.3,70.0
1908,82.9,73.5,80.7,161.2,50.2
1909,98.4,86.6,80.2,172.0,71.7
1910,91.0,93.5,73.8,156.7,64.4
1911,120.3,107.6,85.8,177.0,107.2
1912,119.6,117.6,80.7,166.8,94.0
1913,96.8,88.6,76.8,158.8,76.4
1914,114.0,113.5,76.9,161.6,89.7
1915,109.1,97.4,75.6,159.3,77.7
1916,87.0,72.1,74.7,157.2,49.7
1917,91.3,83.7,84.5,167.4,66.2
1918,104.9,85.1,79.8,165.2,69.6
1919,107.1,99.6,77.4,166.4,84.4
1920,91.0,85.2,81.4,169.1,64.7
1921,101.9,93.5,78.4,165.7,78.0
1922,96.5,92.7,81.4,170.4,77.3
1923,95.2,92.1,79.0,165.4,73.4
1924,98.2,93.7,72.7,157.8,69.5
1925,103.5,87.2,76.1,164.5,70.7
1926,114.2,102.5,78.1,163.1,93.6
1927,105.5,110.6,76.3,156.1,85.7
1928,91.4,76.7,72.8,151.6,57.3
1929,93.0,82.3,86.6,174.9,67.6
1930,100.6,93.3,82.3,171.5,85.5
1931,92.9,73.5,75.3,160.0,54.9
1932,87.2,77.2,82.6,168.3,58.8
1933,98.3,98.7,74.7,155.7,71.5
1934,87.3,83.7,76.6,154.8,58.0
1935,93.4,87.3,83.0,171.4,69.7
1936,100.6,80.3,77.1,164.9,68.5
1937,90.7,80.4,75.3,152.8,58.6
1938,110.1,105.5,72.3,159.6,84.2
1939,106.8,90.1,82.9,165.8,90.9
1940,116.8,117.2,84.9,170.1,104.7
1941,89.6,79.1,83.3,168.3,66.3
1942,115.4,96.2,76.2,163.4,76.6
1943,94.1,74.5,82.8,169.5,71.5
1944,89.8,80.1,74.5,154.8,59.1
1945,95.2,95.5,74.3,158.7,66.5
1946,99.1,103.2,72.3,154.9,67.6
1947,109.1,104.2,74.1,160.6,79.2
1948,100.5,96.6,71.2,150.8,65.2
1949,93.1,84.4,85.1,173.3,75.3
1950,88.6,75.2,76.2,156.0,51.7
1951,106.0,95.4,84.8,173.9,86.5
1952,95.2,85.7,80.8,162.9,73.2
1953,92.3,84.0,78.3,160.9,74.1
1954,109.3,109.0,83.4,174.0,90.6
1955,94.3,96.0,77.6,167.8,84.5
1956,97.4,83.0,76.4,154.5,63.1
1957,111.3,100.3,84.3,180.9,89.8
1958,109.0,97.7,86.7,176.4,97.0
1959,94.0,85.5,75.2,160.6,66.3
1960,95.2,86.3,73.8,156.7,59.4
1961,105.9,91.7,73.4,159.4,65.7
1962,112.5,91.9,71.6,158.7,78.6
1963,83.7,69.5,75.1,157.3,52.0
1964,92.0,79.2,73.1,162.4,64.1
1965,103.7,101.4,77.5,163.5,79.8
1966,102.1,90.6,79.1,158.0,74.0
1967,93.5,79.5,83.0,169.1,64.1
1968,107.2,101.2,76.8,165.6,80.3
1969,108.9,96.5,75.7,161.5,71.4
1970,97.3,86.9,85.3,174.9,92.4
1971,104.2,90.3,73.7,156.1,66.8
1972,92.5,81.7,81.5,167.4,67.8
1973,86.5,68.1,88.3,172.1,57.7
1974,103.0,91.5,82.1,170.4,68.7
1975,103.8,87.0,78.1,163.6,75.8
1976,104.7,94.1,76.7,158.3,65.2
1977,99.4,84.7,72.2,160.4,69.9
1978,80.2,75.5,73.3,153.3,47.4
1979,93.1,74.2,74.6,159.4,55.8
1980,99.0,96.0,81.2,171.9,76.8
1981,108.2,104.3,77.9,168.7,83.2
1982,101.6,97.1,73.2,161.3,71.7
1983,109.3,98.2,79.3,164.4,76.2
1984,92.2,83.7,76.3,161.6,63.2
1985,90.2,89.1,78.3,164.1,61.0
